ID20160331,雑種・品種,新リスト和名,和名異名,GreenList学名,PPG科番号,PPG科和名,PPG科名,固有,RL2012
1,,ヒメスギラン,,Huperzia miyoshiana (Makino) Ching,1,ヒカゲノカズラ科,Lycopodiaceae,,
2,,コスギラン,"エゾノコスギラン, チシマスギラン",Huperzia selago (L.) Bernh. ex Schrank et C.F.P.Mart.,1,ヒカゲノカズラ科,Lycopodiaceae,,
3,,トウゲシバ,"ホソバトウゲシバ, ヒロハトウゲシバ, オニトウゲシバ",Huperzia serrata (Thunb.) Trevis.,1,ヒカゲノカズラ科,Lycopodiaceae,,
4,,コスギトウゲシバ,,Huperzia somae (Hayata) Ching,1,ヒカゲノカズラ科,Lycopodiaceae,,CR
5,,イヌヤチスギラン,,Lycopodiella caroliniana (L.) Pic.Serm.,1,ヒカゲノカズラ科,Lycopodiaceae,,CR
6,,ミズスギ,,Lycopodiella cernua (L.) Pic.Serm.,1,ヒカゲノカズラ科,Lycopodiaceae,,
7,,ヤチスギラン,,Lycopodiella inundata (L.) Holub,1,ヒカゲノカズラ科,Lycopodiaceae,,
8,,チシマヒカゲノカズラ,ミヤマヒカゲノカズラ,Lycopodium alpinum L.,1,ヒカゲノカズラ科,Lycopodiaceae,,EN
9,,スギカズラ,"シンノスギカズラ, タカネスギカズラ, ヒロハスギカズラ",Lycopodium annotinum L.,1,ヒカゲノカズラ科,Lycopodiaceae,,
10,,ヒモヅル,,Lycopodium casuarinoides Spring,1,ヒカゲノカズラ科,Lycopodiaceae,,VU
11,,エゾヒカゲノカズラ,,Lycopodium clavatum L.  var. asiaticum Ching,1,ヒカゲノカズラ科,Lycopodiaceae,,
12,,ヒカゲノカズラ,ナンゴクヒカゲノカズラ,Lycopodium clavatum L.  var. nipponicum Nakai,1,ヒカゲノカズラ科,Lycopodiaceae,,
13,,アスヒカズラ,,Lycopodium complanatum L.,1,ヒカゲノカズラ科,Lycopodiaceae,,
14,,タカネヒカゲノカズラ,,Lycopodium nikoense (Franch. et Sav.) Franch. et Sav. ex Nakaike,1,ヒカゲノカズラ科,Lycopodiaceae,,
15,,マンネンスギ,"ウチワマンネンスギ, タチマンネンスギ",Lycopodium obscurum L.,1,ヒカゲノカズラ科,Lycopodiaceae,,
16,,ボウカズラ,,Phlegmariurus carinatus (Desv. ex Poir.) Ching,1,ヒカゲノカズラ科,Lycopodiaceae,,CR
17,,スギラン,,Phlegmariurus cryptomerinus (Maxim.) Satou,1,ヒカゲノカズラ科,Lycopodiaceae,,VU
18,,コウヨウザンカズラ,,Phlegmariurus cunninghamioides (Hayata) Ching,1,ヒカゲノカズラ科,Lycopodiaceae,,EX
19,,ヒモスギラン,ホソヒモヨウラクヒバ,Phlegmariurus fargesii (Herter) Ching,1,ヒカゲノカズラ科,Lycopodiaceae,,CR
20,,ナンカクラン,,Phlegmariurus hamiltonii (Spreng.) A. et D.L?ve,1,ヒカゲノカズラ科,Lycopodiaceae,,
21,,ヨウラクヒバ,,Phlegmariurus phlegmaria (L.) T.Sen et U.Sen,1,ヒカゲノカズラ科,Lycopodiaceae,,EN
22,,ヒメヨウラクヒバ,,Phlegmariurus salvinioides (Herter) Ching,1,ヒカゲノカズラ科,Lycopodiaceae,,CR
23,,ヒモラン,イワヒモ,Phlegmariurus sieboldii (Miq.) Ching,1,ヒカゲノカズラ科,Lycopodiaceae,,EN
41,,ヒメミズニラ,,Isoetes asiatica (Makino) Makino,2,ミズニラ科,Isoetaceae,,NT
42,,ミズニラ,,Isoetes japonica A.Braun,2,ミズニラ科,Isoetaceae,,NT
43,,ミズニラモドキ,,"Isoetes pseudojaponica M.Takamiya, Mitsu.Watan. et K.Ono",2,ミズニラ科,Isoetaceae,固有,VU
44,,オオバシナミズニラ,,"Isoetes sinensis T.C.Palmer  var. coreana (Y.H.Chung et H.K.Choi) M.Takamiya, Mitsu.Watan. et K.Ono",2,ミズニラ科,Isoetaceae,,EN
45,,シナミズニラ,,Isoetes sinensis T.C.Palmer  var. sinensis,2,ミズニラ科,Isoetaceae,,VU
46,h,ミチノクミズニラ,,"Isoetes x michinokuana M.Takamiya, Mitsu.Watan. et K.Ono",2,ミズニラ科,Isoetaceae,固有,
24,,コケカタヒバ,,Selaginella aristata Spring,3,イワヒバ科,Selaginellaceae,,VU
25,,ヒバゴケ,ムニンクラマゴケ,Selaginella boninensis Baker,3,イワヒバ科,Selaginellaceae,,
26,,オニクラマゴケ,"ミドリカタヒバ, コウヅシマクラマゴケ, 'コウズシマクラマゴケ'",Selaginella doederleinii Hieron.,3,イワヒバ科,Selaginellaceae,,
27,,ツルカタヒバ,"ミタニクラマゴケ, コクラマゴケ",Selaginella flagellifera W.Bull,3,イワヒバ科,Selaginellaceae,,NT
28,,エゾノヒメクラマゴケ,,Selaginella helvetica (L.) Spring,3,イワヒバ科,Selaginellaceae,,
29,,ヒメクラマゴケ,ヒメタチクラマゴケ,Selaginella heterostachys Baker,3,イワヒバ科,Selaginellaceae,,
30,,カタヒバ,,Selaginella involvens (Sw.) Spring,3,イワヒバ科,Selaginellaceae,,
31,,アマミクラマゴケ,,Selaginella limbata Alston,3,イワヒバ科,Selaginellaceae,,VU
32,,ヒメムカデクラマゴケ,,Selaginella lutchuensis Koidz.,3,イワヒバ科,Selaginellaceae,,
33,,イヌカタヒバ,,Selaginella moellendorffii Hieron.,3,イワヒバ科,Selaginellaceae,,VU
34,,タチクラマゴケ,,Selaginella nipponica Franch. et Sav.,3,イワヒバ科,Selaginellaceae,,
35,,クラマゴケ,キールンクラマゴケ,Selaginella remotifolia Spring,3,イワヒバ科,Selaginellaceae,,
36,,コケスギラン,,Selaginella selaginoides (L.) P.Beauv. ex Schrank et C.F.P.Mart.,3,イワヒバ科,Selaginellaceae,,
37,,ヒモカズラ,,Selaginella shakotanensis (Franch. ex Takeda) Miyabe et Kud?,3,イワヒバ科,Selaginellaceae,,
38,,エゾノヒモカズラ,,Selaginella sibirica (Milde) Hieron.,3,イワヒバ科,Selaginellaceae,,VU
39,,ヤマクラマゴケ,,Selaginella tamamontana Seriz.,3,イワヒバ科,Selaginellaceae,,
40,,イワヒバ,,Selaginella tamariscina (P.Beauv.) Spring,3,イワヒバ科,Selaginellaceae,,
78,,スギナ,"ミモチスギナ, オクエゾスギナ",Equisetum arvense L.,4,トクサ科,Equisetaceae,,
79,,ミズドクサ,ミズスギナ[同名注意],Equisetum fluviatile L.,4,トクサ科,Equisetaceae,,
80,,トクサ,"エダウチトクサ, ハマドクサ, ハマトクサ, フイリトクサ",Equisetum hyemale L.  subsp. hyemale,4,トクサ科,Equisetaceae,,
81,,イヌスギナ,,Equisetum palustre L.,4,トクサ科,Equisetaceae,,
82,,ヤチスギナ,,Equisetum pratense Ehrh.,4,トクサ科,Equisetaceae,,VU
83,,イヌドクサ,"カワラドクサ, タカトクサ",Equisetum ramosissimum Desf.  subsp. ramosissimum,4,トクサ科,Equisetaceae,,
84,,ヒメドクサ,,Equisetum scirpoides Michx.,4,トクサ科,Equisetaceae,,VU
85,,フサスギナ,,Equisetum sylvaticum L.,4,トクサ科,Equisetaceae,,VU
86,,チシマヒメドクサ,,Equisetum variegatum Schleich. ex F.Weber et D.Mohr,4,トクサ科,Equisetaceae,,CR
87,h,ハマスギナ,,Equisetum x litorale K?hlew. ex Rupr.,4,トクサ科,Equisetaceae,,
88,h,テドリトクサ,'テトリトクサ',Equisetum x moorei Newm.,4,トクサ科,Equisetaceae,,
89,h,フォーリースギナ,,Equisetum x rothmaleri C.N.Page,4,トクサ科,Equisetaceae,,
77,,マツバラン,,Psilotum nudum (L.) P.Beauv.,5,マツバラン科,Psilotaceae,,NT
47,,シチトウハナワラビ,"ナンキハナワラビ, モトマチハナワラビ",Botrychium atrovirens (Sahashi) M.Kato,6,ハナヤスリ科,Ophioglossaceae,,
48,,タカネハナワラビ,,Botrychium boreale Milde,6,ハナヤスリ科,Ophioglossaceae,,EX
49,,ホウライハナワラビ,,Botrychium formosanum Tagawa,6,ハナヤスリ科,Ophioglossaceae,,NT
50,,オオハナワラビ,,Botrychium japonicum (Prantl) Underw.,6,ハナヤスリ科,Ophioglossaceae,,
51,,ミヤマハナワラビ,ホソバミヤマハナワラビ,Botrychium lanceolatum (S.G.Gmel.) ?ngstr.,6,ハナヤスリ科,Ophioglossaceae,,CR
52,,ヒメハナワラビ,ヘビノシタ,Botrychium lunaria (L.) Sw.,6,ハナヤスリ科,Ophioglossaceae,,VU
53,,イブリハナワラビ,,Botrychium microphyllum (Sahashi) K.Iwats.,6,ハナヤスリ科,Ophioglossaceae,固有,CR
54,,ヤマハナワラビ,,Botrychium multifidum (S.G.Gmel.) Rupr.  var. multifidum,6,ハナヤスリ科,Ophioglossaceae,,
55,,エゾフユノハナワラビ,,Botrychium multifidum (S.G.Gmel.) Rupr.  var. robustum (Rupr. ex Milde) C.Chr.,6,ハナヤスリ科,Ophioglossaceae,,
56,,アカハナワラビ,ウスイハナワラビ,Botrychium nipponicum Makino,6,ハナヤスリ科,Ophioglossaceae,,
57,,ナガホノナツノハナワラビ,ナガボノナツノハナワラビ,Botrychium strictum Underw.,6,ハナヤスリ科,Ophioglossaceae,,
58,,アカフユノハナワラビ,,Botrychium ternatum (Thunb.) Sw.  var. pseudoternatum (Sahashi) M.Kato,6,ハナヤスリ科,Ophioglossaceae,固有,
59,,フユノハナワラビ,,Botrychium ternatum (Thunb.) Sw.  var. ternatum,6,ハナヤスリ科,Ophioglossaceae,,
60,,ミドリハナワラビ,,Botrychium triangularifolium (Sahashi) M.Kato,6,ハナヤスリ科,Ophioglossaceae,固有,VU
61,,ナツノハナワラビ,,Botrychium virginianum (L.) Sw.,6,ハナヤスリ科,Ophioglossaceae,,
62,h,ハブハナワラビ,,Botrychium x argutum (Sahashi) Nakaike,6,ハナヤスリ科,Ophioglossaceae,固有,
63,h,アカネハナワラビ,,Botrychium x elegans (Sahashi) Nakaike,6,ハナヤスリ科,Ophioglossaceae,固有,
64,h,アイイズハナワラビ,,Botrychium x longistipitatum (Sahashi) Nakaike,6,ハナヤスリ科,Ophioglossaceae,固有,
65,h,アンコハナワラビ,,Botrychium x pulchrum (Sahashi) Nakaike,6,ハナヤスリ科,Ophioglossaceae,固有,
66,h,ゴジンカハナワラビ,,Botrychium x silvicola (Sahashi) Ebihara,6,ハナヤスリ科,Ophioglossaceae,固有,
67,,ミヤコジマハナワラビ,,Helminthostachys zeylanica (L.) Hook.,6,ハナヤスリ科,Ophioglossaceae,,EN
68,,サクラジマハナヤスリ,,Ophioglossum kawamurae Tagawa,6,ハナヤスリ科,Ophioglossaceae,固有,EN
69,,トネハナヤスリ,,Ophioglossum namegatae M.Nishida et Kurita,6,ハナヤスリ科,Ophioglossaceae,固有,VU
70,,イオウジマハナヤスリ,,Ophioglossum parvifolium Grev. et Hook.,6,ハナヤスリ科,Ophioglossaceae,,EX
71,,チャボハナヤスリ,,Ophioglossum parvum M.Nishida et Kurita,6,ハナヤスリ科,Ophioglossaceae,,VU
72,,コブラン,,Ophioglossum pendulum L.,6,ハナヤスリ科,Ophioglossaceae,,EN
73,,コヒロハハナヤスリ,フジハナヤスリ,Ophioglossum petiolatum Hook.,6,ハナヤスリ科,Ophioglossaceae,,
74,h,コハナヤスリ,,Ophioglossum petiolatum Hook. x O. thermale Kom.,6,ハナヤスリ科,Ophioglossaceae,固有,
75,,ハマハナヤスリ,,Ophioglossum thermale Kom.,6,ハナヤスリ科,Ophioglossaceae,,
76,,ヒロハハナヤスリ,,Ophioglossum vulgatum L.,6,ハナヤスリ科,Ophioglossaceae,,
90,,オガサワラリュウビンタイ,,Angiopteris boninensis Hieron.,7,リュウビンタイ科,Marattiaceae,固有,
91,,ヒノタニリュウビンタイ,,Angiopteris fokiensis Hieron.,7,リュウビンタイ科,Marattiaceae,,CR
92,,リュウビンタイ,,Angiopteris lygodiifolia Rosenst.,7,リュウビンタイ科,Marattiaceae,,
93,,ホソバリュウビンタイ,ナンヨウリュウビンタイ,Angiopteris palmiformis (Cav.) C.Chr.,7,リュウビンタイ科,Marattiaceae,,
94,,リュウビンタイモドキ,"イオウトウリュウビンタイモドキ, ヒロハリュウビンタイモドキ",Ptisana boninensis (Nakai) Yonek.,7,リュウビンタイ科,Marattiaceae,固有,NT
95,,シロヤマゼンマイ,,Osmunda banksiifolia (C.Presl) Kuhn,8,ゼンマイ科,Osmundaceae,,
96,,オニゼンマイ,,Osmunda claytoniana L.,8,ゼンマイ科,Osmundaceae,,
97,,ゼンマイ,"ハゼンマイ, シシゼンマイ",Osmunda japonica Thunb.,8,ゼンマイ科,Osmundaceae,,
98,,ヤシャゼンマイ,オクノヤシャゼンマイ,Osmunda lancea Thunb.,8,ゼンマイ科,Osmundaceae,固有,
99,h,オオバヤシャゼンマイ,オクタマゼンマイ,Osmunda x intermedia (Honda) Sugim.,8,ゼンマイ科,Osmundaceae,固有,
100,,ヤマドリゼンマイ,ヤマドリシダ,Osmundastrum cinnamomeum (L.) C.Presl  var. fokiense (Copel.) Tagawa,8,ゼンマイ科,Osmundaceae,,
101,,ハハジマホラゴケ,ホソバホラゴケ,Abrodictyum boninense Tagawa et K.Iwats.,9,コケシノブ科,Hymenophyllaceae,固有,VU
102,,オニホラゴケ,オガサワラオニホラゴケ,Abrodictyum obscurum (Blume) Ebihara et K.Iwats.,9,コケシノブ科,Hymenophyllaceae,,
104,,キクモバホラゴケ,,Callistopteris apiifolia (C.Presl) Copel.,9,コケシノブ科,Hymenophyllaceae,,CR
105,,サキシマホラゴケ,,Cephalomanes atrovirens C.Presl,9,コケシノブ科,Hymenophyllaceae,,CR
106,,ソテツホラゴケ,,Cephalomanes javanicum (Blume) Bosch  var. asplenioides (C.Chr.) K.Iwats.,9,コケシノブ科,Hymenophyllaceae,,
107,,オオアオホラゴケ,"アオホラゴケモドキ, ナンヨウアオホラゴケ",Crepidomanes bipunctatum (Poir.) Copel.,9,コケシノブ科,Hymenophyllaceae,,
108,,ムニンホラゴケ,オガサワラウチワゴケ,Crepidomanes bonincola (Nakai) Seriz.,9,コケシノブ科,Hymenophyllaceae,固有,EN
109,,ヒメホラゴケ,ヒメホラゴケモドキ,Crepidomanes humile (G.Forst.) Bosch,9,コケシノブ科,Hymenophyllaceae,,
110,,マメホラゴケ,,Crepidomanes kurzii (Bedd.) Tagawa et K.Iwats.,9,コケシノブ科,Hymenophyllaceae,,
111,,アオホラゴケ,オガサワラホラゴケ,Crepidomanes latealatum (Bosch) Copel.,9,コケシノブ科,Hymenophyllaceae,,
112,,マツバコケシダ,ミツデコケシダ,Crepidomanes latemarginale (D.C.Eaton) Copel.,9,コケシノブ科,Hymenophyllaceae,,NT
113,,コケホラゴケ,,Crepidomanes makinoi (C.Chr.) Copel.,9,コケシノブ科,Hymenophyllaceae,,NT
114,,ウチワゴケ,,Crepidomanes minutum (Blume) K.Iwats.,9,コケシノブ科,Hymenophyllaceae,,
115,,チチブホラゴケ,,Crepidomanes schmidtianum (Zenker ex Taschner) K.Iwats.  var. schmidtianum,9,コケシノブ科,Hymenophyllaceae,,
116,,カンシノブホラゴケ,"オオカンシノブホラゴケ, ヤエヤマカンシノブホラゴケ",Crepidomanes thysanostomum (Makino) Ebihara et K.Iwats.,9,コケシノブ科,Hymenophyllaceae,,
117,,マルバコケシダ,,Didymoglossum bimarginatum (Bosch) Ebihara et K.Iwats.,9,コケシノブ科,Hymenophyllaceae,,CR
118,,マメゴケシダ,,Didymoglossum motleyi (Bosch) Ebihara et K.Iwats.,9,コケシノブ科,Hymenophyllaceae,,VU
119,,ゼニゴケシダ,,Didymoglossum tahitense (Nadeaud) Ebihara et K.Iwats.,9,コケシノブ科,Hymenophyllaceae,,
120,,オオコケシノブ,"オニコケシノブ, ミヤマコケシノブ",Hymenophyllum badium Hook. et Grev.,9,コケシノブ科,Hymenophyllaceae,,
121,,コウヤコケシノブ,,Hymenophyllum barbatum (Bosch) Baker,9,コケシノブ科,Hymenophyllaceae,,
122,,ヒメコケシノブ,,Hymenophyllum coreanum Nakai,9,コケシノブ科,Hymenophyllaceae,,
123,,ヒメチヂレコケシノブ,,Hymenophyllum denticulatum Sw.,9,コケシノブ科,Hymenophyllaceae,,
124,,ミカワコケシノブ,,Hymenophyllum mikawanum (Seriz.) Seriz.,9,コケシノブ科,Hymenophyllaceae,固有,EN
125,,キヨスミコケシノブ,,Hymenophyllum oligosorum Makino,9,コケシノブ科,Hymenophyllaceae,,
126,,ホソバコケシノブ,"フジコケシノブ, ホソバヒメコケシノブ",Hymenophyllum polyanthos (Sw.) Sw.,9,コケシノブ科,Hymenophyllaceae,,
127,,リュウキュウコケシノブ,,Hymenophyllum riukiuense H.Christ,9,コケシノブ科,Hymenophyllaceae,,
128,,コケシノブ,,Hymenophyllum wrightii Bosch,9,コケシノブ科,Hymenophyllaceae,,
103,,ナンバンホラゴケ,"シャムオニホラゴケ, コオニホラゴケ",Trichomanes siamense H.Christ,9,コケシノブ科,Hymenophyllaceae,,
129,,ツルホラゴケ,コガネホラゴケ,Vandenboschia auriculata (Blume) Copel.,9,コケシノブ科,Hymenophyllaceae,,
130,,ホクリクハイホラゴケ,,Vandenboschia hokurikuensis Ebihara,9,コケシノブ科,Hymenophyllaceae,固有,
131,,ハイホラゴケ,コガネシノブ,Vandenboschia kalamocarpa (Hayata) Ebihara,9,コケシノブ科,Hymenophyllaceae,,
132,h,アイハイホラゴケ,,Vandenboschia kalamocarpa (Hayata) Ebihara x V. nipponica (Nakai) Ebihara x V. striata (D.Don) Ebihara,9,コケシノブ科,Hymenophyllaceae,固有,
133,,リュウキュウホラゴケ,,Vandenboschia liukiuensis (Y.Yabe) Tagawa,9,コケシノブ科,Hymenophyllaceae,,
134,,シノブホラゴケ,セリバホラゴケ,Vandenboschia maxima (Blume) Copel.,9,コケシノブ科,Hymenophyllaceae,,EN
135,,ミウラハイホラゴケ,,Vandenboschia miuraensis Ebihara,9,コケシノブ科,Hymenophyllaceae,固有,EN
136,,ヒメハイホラゴケ,,Vandenboschia nipponica (Nakai) Ebihara,9,コケシノブ科,Hymenophyllaceae,固有,
137,h,ミツイシハイホラゴケ,,Vandenboschia nipponica (Nakai) Ebihara x V. striata (D.Don) Ebihara,9,コケシノブ科,Hymenophyllaceae,固有,
138,,イズハイホラゴケ,,Vandenboschia orientalis (C.Chr.) Ching,9,コケシノブ科,Hymenophyllaceae,固有,
139,,リュウキュウオオハイホラゴケ,,Vandenboschia oshimensis (H.Christ) Ebihara,9,コケシノブ科,Hymenophyllaceae,固有,
140,,オオハイホラゴケ,リュウキュウコガネ,Vandenboschia striata (D.Don) Ebihara,9,コケシノブ科,Hymenophyllaceae,,
141,,コケハイホラゴケ,ニセアミホラゴケ,Vandenboschia subclathrata K.Iwats.,9,コケシノブ科,Hymenophyllaceae,固有,
142,h,セイタカホラゴケ,,Vandenboschia x quelpaertensis (Nakai) Ebihara,9,コケシノブ科,Hymenophyllaceae,,
143,h,コハイホラゴケ,,Vandenboschia x stenosiphon (H.Christ) Copel.,9,コケシノブ科,Hymenophyllaceae,,
147,,スジヒトツバ,,"Cheiropleuria integrifolia (D.C.Eaton ex Hook.) M.Kato, Y.Yatabe, Sahashi et N.Murak.",11,ヤブレガサウラボシ科,Dipteridaceae,,
148,,ヤブレガサウラボシ,,Dipteris conjugata Reinw.,11,ヤブレガサウラボシ科,Dipteridaceae,,
144,,コシダ,イキノコシダ,Dicranopteris linearis (Burm.f.) Underw.,12,ウラジロ科,Gleicheniaceae,,
145,,ウラジロ,,Diplopterygium glaucum (Houtt.) Nakai,12,ウラジロ科,Gleicheniaceae,,
146,,カネコシダ,,Diplopterygium laevissimum (H.Christ) Nakai,12,ウラジロ科,Gleicheniaceae,,VU
149,,カニクサ,"ツルシノブ, シャミセンヅル, ナガバカニクサ",Lygodium japonicum (Thunb.) Sw.,13,カニクサ科,Lygodiaceae,,
150,,イリオモテシャミセンヅル,,Lygodium microphyllum (Cav.) R.Br.,13,カニクサ科,Lygodiaceae,,
151,,カンザシワラビ,,Schizaea dichotoma (L.) Sm.,14,フサシダ科,Schizaeaceae,,EN
152,,フサシダ,,Schizaea digitata (L.) Sw.,14,フサシダ科,Schizaeaceae,,
155,h,アイオオアカウキクサ,,Azolla cristata Kaulf. x A. filiculoides Lam.,16,サンショウモ科,Salviniaceae,,
156,,ニシノオオアカウキクサ,,Azolla filiculoides Lam.,16,サンショウモ科,Salviniaceae,,
157,,オオアカウキクサ,,Azolla japonica (Franch. et Sav.) Franch. et Sav. ex Nakai,16,サンショウモ科,Salviniaceae,固有,EN
158,,アカウキクサ,,Azolla pinnata R.Br.  subsp. asiatica R.M.K.Saunders et K.Fowler,16,サンショウモ科,Salviniaceae,,EN
159,,サンショウモ,,Salvinia natans (L.) All.,16,サンショウモ科,Salviniaceae,,VU
153,,ナンゴクデンジソウ,,Marsilea minuta L.,17,デンジソウ科,Marsileaceae,,EN
154,,デンジソウ,,Marsilea quadrifolia L.,17,デンジソウ科,Marsileaceae,,VU
160,,タカサゴキジノオ,,Plagiogyria adnata (Blume) Bedd.  var. adnata,21,キジノオシダ科,Plagiogyriaceae,,
161,,ヤクシマキジノオ,コスギダニキジノオ,Plagiogyria adnata (Blume) Bedd.  var. yakushimensis (Kansei Sato) Tagawa,21,キジノオシダ科,Plagiogyriaceae,固有,
162,,オオキジノオ,,Plagiogyria euphlebia (Kunze) Mett.,21,キジノオシダ科,Plagiogyriaceae,,
163,,キジノオシダ,,Plagiogyria japonica Nakai  var. japonica,21,キジノオシダ科,Plagiogyriaceae,,
164,,ヒメキジノオ,,Plagiogyria japonica Nakai  var. pseudojaponica (Nakaike) K. Iwats.,21,キジノオシダ科,Plagiogyriaceae,固有,
165,,リュウキュウキジノオ,,Plagiogyria koidzumii Tagawa,21,キジノオシダ科,Plagiogyriaceae,,EN
166,,ヤマソテツ,,Plagiogyria matsumureana Makino,21,キジノオシダ科,Plagiogyriaceae,固有,
167,,シマヤマソテツ,,Plagiogyria stenoptera (Hance) Diels,21,キジノオシダ科,Plagiogyriaceae,,CR
168,h,ハガクレキジノオ,,Plagiogyria x neointermedia Nakaike,21,キジノオシダ科,Plagiogyriaceae,固有,
169,h,フタツキジノオ,,Plagiogyria x sessilifolia Nakaike,21,キジノオシダ科,Plagiogyriaceae,固有,
170,h,アイキジノオ,,Plagiogyria x wakabae Sa.Kurata ex Nakaike,21,キジノオシダ科,Plagiogyriaceae,固有,
171,,タカワラビ,ヒツジシダ,Cibotium barometz (L.) J.Sm.,22,タカワラビ科,Cibotiaceae,,
172,,エダウチムニンヘゴ,エダウチヘゴ,Cyathea aramaganensis Kaneh.,25,ヘゴ科,Cyatheaceae,,
173,,クサマルハチ,,Cyathea hancockii Copel.,25,ヘゴ科,Cyatheaceae,,
174,,ヒカゲヘゴ,モリヘゴ,Cyathea lepifera (J.Sm. ex Hook.) Copel.,25,ヘゴ科,Cyatheaceae,,
175,,マルハチ,,Cyathea mertensiana (Kunze) Copel.,25,ヘゴ科,Cyatheaceae,固有,
176,,チャボヘゴ,,Cyathea metteniana (Hance) C.Chr. et Tardieu,25,ヘゴ科,Cyatheaceae,,
177,,メヘゴ,,Cyathea ogurae (Hayata) Domin,25,ヘゴ科,Cyatheaceae,固有,EN
178,,クロヘゴ,オニヘゴ,Cyathea podophylla (Hook.) Copel.,25,ヘゴ科,Cyatheaceae,,
179,,ヘゴ,,Cyathea spinulosa Wall. ex Hook.,25,ヘゴ科,Cyatheaceae,,
180,,ヒメホングウシダ,"コバノエダウチホングウシダ, ヒメエダウチホングウシダ",Lindsaea cambodgensis H.Christ,29,ホングウシダ科,Lindsaeaceae,,VU
181,,エダウチホングウシダ,"シマエダウチホングウシダ, サタケホングウシダ",Lindsaea chienii Ching,29,ホングウシダ科,Lindsaeaceae,,
182,,イヌイノモトソウ,,Lindsaea ensifolia Sw.,29,ホングウシダ科,Lindsaeaceae,,CR
183,,エダウチクジャク,,Lindsaea heterophylla Dryand.,29,ホングウシダ科,Lindsaeaceae,,NT
184,,サンカクホングウシダ,ミヤマエダウチホングウシダ,Lindsaea javanensis Blume,29,ホングウシダ科,Lindsaeaceae,,
185,,シノブホングウシダ,,Lindsaea kawabatae Sa.Kurata,29,ホングウシダ科,Lindsaeaceae,,CR
186,,ヤエヤマホングウシダ,,Lindsaea lucida Blume,29,ホングウシダ科,Lindsaeaceae,,
187,,トラノオホングウシダ,,Lindsaea merrillii Copel.  subsp. yaeyamensis (Tagawa) K.U.Kramer,29,ホングウシダ科,Lindsaeaceae,,
188,,シンエダウチホングウシダ,,Lindsaea orbiculata (Lam.) Mett. ex Kuhn  var. commixta (Tagawa) K.U.Kramer,29,ホングウシダ科,Lindsaeaceae,,
189,,マルバホングウシダ,,Lindsaea orbiculata (Lam.) Mett. ex Kuhn  var. orbiculata,29,ホングウシダ科,Lindsaeaceae,,NT
190,,ムニンエダウチホングウシダ,,Lindsaea repanda Kunze,29,ホングウシダ科,Lindsaeaceae,固有,VU
191,,ウチワホングウシダ,,"Lindsaea simulans Ching, nom. nud.",29,ホングウシダ科,Lindsaeaceae,,EN
193,,ハマホラシノブ,,Odontosoria biflora (Kaulf.) C.Chr.,29,ホングウシダ科,Lindsaeaceae,,
194,h,アイホラシノブ,,Odontosoria biflora (Kaulf.) C.Chr. x O. chinensis (L.) J.Sm.,29,ホングウシダ科,Lindsaeaceae,固有,
195,,ホラシノブ,ウチワホラシノブ,Odontosoria chinensis (L.) J.Sm.,29,ホングウシダ科,Lindsaeaceae,,
196,h,アイヒメホラシノブ,,Odontosoria chinensis (L.) J.Sm. x O. gracilis (Tagawa) Ralf Knapp,29,ホングウシダ科,Lindsaeaceae,,
197,,ヒメホラシノブ,,Odontosoria gracilis (Tagawa) Ralf Knapp,29,ホングウシダ科,Lindsaeaceae,,
198,,アイノコホラシノブ,,"Odontosoria intermedia (S.J.Lin, M.Kato et K.Iwats.) Nakaike",29,ホングウシダ科,Lindsaeaceae,固有,
199,,コビトホラシノブ,,Odontosoria minutula (Sa.Kurata) Ebihara,29,ホングウシダ科,Lindsaeaceae,固有,CR
200,,ヤエヤマホラシノブ,,"Odontosoria yaeyamensis (S.J.Lin, M.Kato et K.Iwats.) Ebihara",29,ホングウシダ科,Lindsaeaceae,固有,CR
201,,サイゴクホングウシダ,サイコクホングウシダ,Osmolindsaea japonica (Baker) Lehtonen et Christenh.,29,ホングウシダ科,Lindsaeaceae,,
202,,ホングウシダ,ニセホングウシダ,Osmolindsaea odorata (Roxb.) Lehtonen et Christenh.,29,ホングウシダ科,Lindsaeaceae,,
203,h,コケホングウシダ,,Osmolindsaea x yakushimensis Ebihara et Nakato,29,ホングウシダ科,Lindsaeaceae,,
204,,ゴザダケシダ,,Tapeinidium pinnatum (Cav.) C.Chr.,29,ホングウシダ科,Lindsaeaceae,,
232,,ミミモチシダ,,Acrostichum aureum L.,30,イノモトソウ科,Pteridaceae,,EN
233,,ホウライクジャク,,Adiantum capillus-junonis Rupr.,30,イノモトソウ科,Pteridaceae,,EN
234,,ホウライシダ,,Adiantum capillus-veneris L.,30,イノモトソウ科,Pteridaceae,,
235,,スキヤクジャク,,Adiantum diaphanum Blume,30,イノモトソウ科,Pteridaceae,,NT
236,,オトメクジャク,,Adiantum edgeworthii Hook.,30,イノモトソウ科,Pteridaceae,,EN
237,,オキナワクジャクシダ,オキナワクジャク,Adiantum flabellulatum L.,30,イノモトソウ科,Pteridaceae,,
238,,ハコネシダ,ハコネソウ,Adiantum monochlamys D.C.Eaton,30,イノモトソウ科,Pteridaceae,,
239,,イワホウライシダ,,Adiantum ogasawarense Tagawa,30,イノモトソウ科,Pteridaceae,固有,VU
240,,クジャクシダ,"クジャクソウ, ケセンクジャク",Adiantum pedatum L.,30,イノモトソウ科,Pteridaceae,,
241,,シマタキミシダ,イシガキタキミシダ,Antrophyum formosanum Hieron.,30,イノモトソウ科,Pteridaceae,,CR
242,,タキミシダ,,Antrophyum obovatum Baker,30,イノモトソウ科,Pteridaceae,,EN
243,,ヒメミズワラビ,,Ceratopteris gaudichaudii Brongn.  var. vulgaris Masuyama et Watano,30,イノモトソウ科,Pteridaceae,,
244,,ミズワラビ,,Ceratopteris thalictroides (L.) Brongn.,30,イノモトソウ科,Pteridaceae,,
245,,ヒメウラジロ,,Cheilanthes argentea (S.G.Gmel.) Kunze,30,イノモトソウ科,Pteridaceae,,VU
246,,ミヤマウラジロ,"アオミヤマウラジロ, アオジクミヤマウラジロ",Cheilanthes brandtii Franch. et Sav.,30,イノモトソウ科,Pteridaceae,固有,
247,,エビガラシダ,,Cheilanthes chusana Hook.,30,イノモトソウ科,Pteridaceae,,VU
248,,イワウラジロ,,Cheilanthes krameri Franch. et Sav.,30,イノモトソウ科,Pteridaceae,,EN
249,,ホソバイワガネソウ,,Coniogramme gracilis Ogata,30,イノモトソウ科,Pteridaceae,固有,CR
250,,イワガネゼンマイ,"チチブイワガネ, ウラゲイワガネ",Coniogramme intermedia Hieron.,30,イノモトソウ科,Pteridaceae,,
251,,イワガネソウ,"シシイワガネソウ, フイリイワガネソウ",Coniogramme japonica (Thunb.) Diels,30,イノモトソウ科,Pteridaceae,,
252,h,イヌイワガネソウ,"キソイヌイワガネソウ, コダマイヌイワガネ",Coniogramme x fauriei Hieron.,30,イノモトソウ科,Pteridaceae,,
253,,リシリシノブ,,Cryptogramma crispa (L.) R.Br. ex Richards.,30,イノモトソウ科,Pteridaceae,,NT
254,,ヤツガタケシノブ,,Cryptogramma stelleri (S.G.Gmel.) Prantl,30,イノモトソウ科,Pteridaceae,,NT
255,,ヒメシシラン,,Haplopteris anguste-elongata (Hayata) E.H.Crane,30,イノモトソウ科,Pteridaceae,,VU
256,,ムニンシシラン,,Haplopteris ensiformis (Sw.) E.H.Crane,30,イノモトソウ科,Pteridaceae,,
257,,シシラン,"ツノマタシシラン, シシシシラン, イツキシシラン",Haplopteris flexuosa (F?e) E.H.Crane,30,イノモトソウ科,Pteridaceae,,
258,h,セトシシラン,シンシシラン,Haplopteris flexuosa (F?e) E.H.Crane x H. fudzinoi (Makino) E.H.Crane,30,イノモトソウ科,Pteridaceae,固有,
259,,ナカミシシラン,ミヤマシシラン,Haplopteris fudzinoi (Makino) E.H.Crane,30,イノモトソウ科,Pteridaceae,,
260,,イトシシラン,,Haplopteris mediosora (Hayata) X.C.Zhang,30,イノモトソウ科,Pteridaceae,,CR
261,,オオバシシラン,,Haplopteris yakushimensis C.W.Chen et Ebihara,30,イノモトソウ科,Pteridaceae,固有,CR
262,,アマモシシラン,"シマシシラン, オガサワラシシラン",Haplopteris zosterifolia (Willd.) E.H.Crane,30,イノモトソウ科,Pteridaceae,,
263,,タチシノブ,"カンシノブ, エチゼンシノブ",Onychium japonicum (Thunb.) Kunze,30,イノモトソウ科,Pteridaceae,,
264,,オオアマクサシダ,,Pteris alata Lam.,30,イノモトソウ科,Pteridaceae,,
265,h,オオアマクサシダ×リュウキュウイノモトソウ,,Pteris alata Lam. x P. ryukyuensis Tagawa,30,イノモトソウ科,Pteridaceae,固有,
266,,オガサワラハチジョウシダ,,Pteris boninensis H.Ohba,30,イノモトソウ科,Pteridaceae,固有,
267,,オオバノイノモトソウ,セフリイノモトソウ,Pteris cretica L.,30,イノモトソウ科,Pteridaceae,,
268,h,シラタケイノモトソウ,,Pteris cretica L. x P. kidoi Sa.Kurata,30,イノモトソウ科,Pteridaceae,,
269,,クマガワイノモトソウ,,Pteris deltodon Baker,30,イノモトソウ科,Pteridaceae,,NT
294,h,ナンピイノモトソウ,,"Pteris deltodon Baker x P. kidoi Sa.Kurata (= P. x austrohigoensis Sa.Kurata, nom. nud.)",30,イノモトソウ科,Pteridaceae,固有,
270,,ホコシダ,フイリホコシダ,Pteris ensiformis Burm.f.,30,イノモトソウ科,Pteridaceae,,
271,,ハチジョウシダ,シマハチジョウシダ,Pteris fauriei Hieron.,30,イノモトソウ科,Pteridaceae,,
272,,タイワンアマクサシダ,,Pteris formosana Baker,30,イノモトソウ科,Pteridaceae,,CR
273,,アシガタシダ,グレブレイノモトソウ,Pteris grevilleana Wall. ex J.Agardh,30,イノモトソウ科,Pteridaceae,,CR
274,,カワバタハチジョウシダ,,Pteris kawabatae Sa.Kurata,30,イノモトソウ科,Pteridaceae,,CR
275,,キドイノモトソウ,,Pteris kidoi Sa.Kurata,30,イノモトソウ科,Pteridaceae,,VU
276,,ニシノコハチジョウシダ,コハチジョウシダ,Pteris kiuschiuensis Hieron.,30,イノモトソウ科,Pteridaceae,,
277,,アイコハチジョウシダ,,Pteris laurisilvicola Sa.Kurata,30,イノモトソウ科,Pteridaceae,固有,
278,,ヒノタニシダ,,Pteris maclurei Ching,30,イノモトソウ科,Pteridaceae,,EN
279,,イノモトソウ,,Pteris multifida Poir.,30,イノモトソウ科,Pteridaceae,,
280,h,ヌマヅイノモトソウ,'ヌマズイノモトソウ',Pteris multifida Poir. x P. nipponica W.C.Shieh,30,イノモトソウ科,Pteridaceae,固有,
296,h,カシワギイノモトソウ,,Pteris multifida Poir. x P. yamatensis (Tagawa) Tagawa,30,イノモトソウ科,Pteridaceae,固有,
281,,ヤワラハチジョウシダ,,Pteris natiensis Tagawa,30,イノモトソウ科,Pteridaceae,固有,EN
282,,マツサカシダ,"マツザカシダ', フイリオオバノイノモトソウ, ナカガワシダ",Pteris nipponica W.C.Shieh,30,イノモトソウ科,Pteridaceae,,
283,,ハチジョウシダモドキ,コハチジョウシダ,Pteris oshimensis Hieron.,30,イノモトソウ科,Pteridaceae,,
284,,カワリバアマクサシダ,,"Pteris perplexa Y.S.Chao, H.Y.Liu et W.L.Chiou",30,イノモトソウ科,Pteridaceae,,VU
285,,リュウキュウイノモトソウ,フイリリュウキュウイノモトソウ,Pteris ryukyuensis Tagawa,30,イノモトソウ科,Pteridaceae,,
286,,サツマハチジョウシダ,,Pteris satsumana Sa.Kurata,30,イノモトソウ科,Pteridaceae,固有,VU
287,,アマクサシダ,,Pteris semipinnata L.,30,イノモトソウ科,Pteridaceae,,
288,,トゲハチジョウシダ,,Pteris setulosocostulata Hayata,30,イノモトソウ科,Pteridaceae,,EN
289,,オオバノアマクサシダ,,Pteris terminalis Wall. ex J.Agardh  var. fauriei (H.Christ) comb. nov.,30,イノモトソウ科,Pteridaceae,,
290,,オオバノハチジョウシダ,,Pteris terminalis Wall. ex J.Agardh  var. terminalis,30,イノモトソウ科,Pteridaceae,,
291,,ヒカゲアマクサシダ,ウスバハチジョウシダ,Pteris tokioi Masam.,30,イノモトソウ科,Pteridaceae,,EN
292,,モエジマシダ,,Pteris vittata L.,30,イノモトソウ科,Pteridaceae,,
293,,ナチシダ,,Pteris wallichiana J.Agardh,30,イノモトソウ科,Pteridaceae,,
295,h,イツキイノモトソウ,,Pteris x calcarea Sa.Kurata,30,イノモトソウ科,Pteridaceae,固有,
297,h,イブスキイノモトソウ,,Pteris x namegatae Sa.Kurata,30,イノモトソウ科,Pteridaceae,固有,
298,h,オトマスイノモトソウ,,Pteris x otomasui Sa.Kurata,30,イノモトソウ科,Pteridaceae,,
299,h,アイイノモトソウ,,"Pteris x pseudosefuricola Ebihara, Nakato et S.Matsumoto",30,イノモトソウ科,Pteridaceae,固有,
300,,ヤクシマハチジョウシダ,,Pteris yakuinsularis Sa.Kurata,30,イノモトソウ科,Pteridaceae,固有,VU
301,,ヒメイノモトソウ,,Pteris yamatensis (Tagawa) Tagawa,30,イノモトソウ科,Pteridaceae,固有,EN
205,,イヌシダ,"カラクサイヌシダ, フギレイヌシダ, シシイヌシダ",Dennstaedtia hirsuta (Sw.) Mett.,31,コバノイシカグマ科,Dennstaedtiaceae,,
206,,コバノイシカグマ,ウスゲコバノイシカグマ,Dennstaedtia scabra (Wall. ex Hook.) T.Moore,31,コバノイシカグマ科,Dennstaedtiaceae,,
207,,オウレンシダ,,Dennstaedtia wilfordii (T.Moore) H.Christ ex C.Chr.,31,コバノイシカグマ科,Dennstaedtiaceae,,
208,,ユノミネシダ,,Histiopteris incisa (Thunb.) J. Sm.,31,コバノイシカグマ科,Dennstaedtiaceae,,
209,,セイタカイワヒメワラビ,,Hypolepis alpina (Blume) Hook.,31,コバノイシカグマ科,Dennstaedtiaceae,,
210,h,アイイワヒメワラビ,,Hypolepis alpina (Blume) Hook. x H. punctata (Thunb.) Mett. ex Kuhn,31,コバノイシカグマ科,Dennstaedtiaceae,固有,
211,,イワヒメワラビ,,Hypolepis punctata (Thunb.) Mett. ex Kuhn,31,コバノイシカグマ科,Dennstaedtiaceae,,
212,,オオイワヒメワラビ,,Hypolepis tenuifolia (G.Forst.) Bernh.,31,コバノイシカグマ科,Dennstaedtiaceae,,EX
213,,ヤンバルフモトシダ,,Microlepia hookeriana (Wall. ex Hook.) C.Presl,31,コバノイシカグマ科,Dennstaedtiaceae,,NT
225,h,シモダカグマ,,Microlepia izupeninsulae Sa.Kurata x M. pseudostrigosa Makino,31,コバノイシカグマ科,Dennstaedtiaceae,固有,
214,,フモトシダ,"ケブカフモトシダ, ウスゲフモトシダ",Microlepia marginata (Panzer ex Houtt.) C.Chr.,31,コバノイシカグマ科,Dennstaedtiaceae,,
215,,ホソバコウシュンシダ,コウシュンシダ （中池）,Microlepia obtusiloba Hayata  var. angustata Seriz.,31,コバノイシカグマ科,Dennstaedtiaceae,固有,CR
216,,コウシュンシダ,ヤクシマカグマ,Microlepia obtusiloba Hayata  var. obtusiloba,31,コバノイシカグマ科,Dennstaedtiaceae,,VU
217,,フモトカグマ,,Microlepia pseudostrigosa Makino,31,コバノイシカグマ科,Dennstaedtiaceae,,
218,,オドリコカグマ,,Microlepia sinostrigosa Ching,31,コバノイシカグマ科,Dennstaedtiaceae,,
219,,オオイシカグマ,"ヤエヤマカグマ, ウスバオオイシカグマ",Microlepia speluncae (L.) T.Moore,31,コバノイシカグマ科,Dennstaedtiaceae,,VU
220,,イシカグマ,イブスキイシカグマ,Microlepia strigosa (Thunb.) C.Presl,31,コバノイシカグマ科,Dennstaedtiaceae,,
224,h,アイイシカグマ,,Microlepia strigosa (Thunb.) C.Presl x M. substrigosa Tagawa,31,コバノイシカグマ科,Dennstaedtiaceae,固有,
221,,ウスバイシカグマ,,Microlepia substrigosa Tagawa,31,コバノイシカグマ科,Dennstaedtiaceae,,NT
222,h,ニセオドリコカグマ,,Microlepia x austroizuensis Nakato et Seriz.,31,コバノイシカグマ科,Dennstaedtiaceae,固有,
223,h,クジャクフモトシダ,,Microlepia x bipinnata (Makino) Shimura,31,コバノイシカグマ科,Dennstaedtiaceae,,
226,h,ムロヤカグマ,,"Microlepia x muroyae Sa.Kurata, nom. nud.",31,コバノイシカグマ科,Dennstaedtiaceae,固有,
227,h,アイフジシダ,,Monachosorum flagellare (Maxim. ex Makino) Hayata,31,コバノイシカグマ科,Dennstaedtiaceae,固有,
228,,フジシダ,,Monachosorum maximowiczii (Baker) Hayata,31,コバノイシカグマ科,Dennstaedtiaceae,,
229,,オオフジシダ,キシュウシダ,Monachosorum nipponicum Makino,31,コバノイシカグマ科,Dennstaedtiaceae,,
230,h,ヒメムカゴシダ,オオキシュウシダ,Monachosorum x arakii Tagawa,31,コバノイシカグマ科,Dennstaedtiaceae,固有,EN
231,,ワラビ,,Pteridium aquilinum (L.) Kuhn  subsp. japonicum (Nakai) A. et S.L?ve,31,コバノイシカグマ科,Dennstaedtiaceae,,
302,,ウスヒメワラビ,,Acystopteris japonica (Luerss.) Nakai,32,ナヨシダ科,Cystopteridaceae,,
303,h,ウスヒメワラビ×ウスヒメワラビモドキ,,Acystopteris japonica (Luerss.) Nakai x A. taiwaniana (Tagawa) A. et D.L?ve,32,ナヨシダ科,Cystopteridaceae,固有,
304,,ウスヒメワラビモドキ,ミヤマウスヒメワラビ,Acystopteris taiwaniana (Tagawa) A. et D.L?ve,32,ナヨシダ科,Cystopteridaceae,,
305,,ホウライウスヒメワラビ,,Acystopteris tenuisecta (Blume) Tagawa,32,ナヨシダ科,Cystopteridaceae,,CR
306,,ナヨシダ,,Cystopteris fragilis (L.) Bernh.,32,ナヨシダ科,Cystopteridaceae,,
307,,ヤマヒメワラビ,,Cystopteris sudetica A.Braun et Milde  var. sudetica,32,ナヨシダ科,Cystopteridaceae,,
308,,ウサギシダ,アオキガハラウサギシダ,Gymnocarpium dryopteris (L.) Newman,32,ナヨシダ科,Cystopteridaceae,,
310,,エビラシダ,,Gymnocarpium oyamense (Baker) Ching,32,ナヨシダ科,Cystopteridaceae,,
309,,イワウサギシダ,,Gymnocarpium robertianum (Hoffm.) Newm.,32,ナヨシダ科,Cystopteridaceae,,
311,h,オオエビラシダ,キレハエビラシダ,Gymnocarpium x bipinnatifidum Miyam.,32,ナヨシダ科,Cystopteridaceae,固有,
445,,ヌリワラビ,,Rhachidosorus mesosorus (Makino) Ching,33,ヌリワラビ科,Rhachidosoraceae,,
379,,イワヤシダ,,Diplaziopsis cavaleriana (H.Christ) C.Chr.,34,イワヤシダ科,Diplaziopsidaceae,,
312,,コバノヒノキシダ,,Asplenium anogrammoides H.Christ,37,チャセンシダ科,Aspleniaceae,,
364,h,ブゼントラノオ,,Asplenium anogrammoides H.Christ x A. incisum Thunb.,37,チャセンシダ科,Aspleniaceae,固有,
362,h,ミカワチャセンシダ,,Asplenium anogrammoides H.Christ x A. trichomanes L.  subsp. quadrivalens D.E.Mey.,37,チャセンシダ科,Aspleniaceae,固有,
313,h,コバノイノウエトラノオ,,Asplenium anogrammoides H.Christ x A. varians Wall. ex Hook. et Grev.,37,チャセンシダ科,Aspleniaceae,固有,
314,,オオタニワタリ,,Asplenium antiquum Makino,37,チャセンシダ科,Aspleniaceae,,VU
315,,シモツケヌリトラノオ,,Asplenium boreale (Ohwi ex Sa.Kurata) Nakaike,37,チャセンシダ科,Aspleniaceae,,
316,h,シモダヌリトラノオ,,Asplenium boreale (Ohwi ex Sa.Kurata) Nakaike x A. normale D.Don,37,チャセンシダ科,Aspleniaceae,,
317,h,ニセヌリトラノオ,,Asplenium boreale (Ohwi ex Sa.Kurata) Nakaike x A. oligophlebium Baker  var. oligophlebium,37,チャセンシダ科,Aspleniaceae,固有,
318,,ヒメイワトラノオ,,Asplenium capillipes Makino,37,チャセンシダ科,Aspleniaceae,,
319,,ヤマドリトラノオ,,Asplenium castaneoviride Baker,37,チャセンシダ科,Aspleniaceae,,CR
320,,クロガネシダ,,Asplenium coenobiale Hance,37,チャセンシダ科,Aspleniaceae,,VU
321,,ホコガタシダ,,Asplenium ensiforme Wall. ex Hook. et Grev.,37,チャセンシダ科,Aspleniaceae,,CR
322,,マキノシダ,,Asplenium formosae H.Christ,37,チャセンシダ科,Aspleniaceae,,EN
323,,フササジラン,,Asplenium griffithianum Hook.,37,チャセンシダ科,Aspleniaceae,,CR
324,,トラノオシダ,"チリメントラノオシダ, フイリトラノオシダ",Asplenium incisum Thunb.,37,チャセンシダ科,Aspleniaceae,,
366,h,サヌキトラノオ,,Asplenium incisum Thunb. x A. pekinense Hance,37,チャセンシダ科,Aspleniaceae,固有,
358,h,ハゴロモコタニワタリ,,Asplenium incisum Thunb. x A. scolopendrium L.,37,チャセンシダ科,Aspleniaceae,固有,
325,h,ミサクボトラノオ,,Asplenium incisum Thunb. x A. tenuicaule Hayata,37,チャセンシダ科,Aspleniaceae,固有,
326,,オオトキワシダ,,Asplenium laserpitiifolium Lam.,37,チャセンシダ科,Aspleniaceae,,
327,,ナンカイシダ,,Asplenium micantifrons (Tuyama) Tuyama ex H.Ohba,37,チャセンシダ科,Aspleniaceae,固有,VU
328,,シマオオタニワタリ,,Asplenium nidus L.,37,チャセンシダ科,Aspleniaceae,,NT
329,,ヌリトラノオ,,Asplenium normale D.Don,37,チャセンシダ科,Aspleniaceae,,
330,h,アイヌリトラノオ,,Asplenium normale D.Don x A. oligophlebium Baker  var. oligophlebium,37,チャセンシダ科,Aspleniaceae,固有,
331,h,エンシュウヌリトラノオ,,Asplenium normale D.Don x A. shimurae (H.It?) Nakaike,37,チャセンシダ科,Aspleniaceae,固有,
332,,イエジマチャセンシダ,,Asplenium oligophlebium Baker  var. iezimaense (Tagawa) Tagawa,37,チャセンシダ科,Aspleniaceae,固有,EN
333,,カミガモシダ,,Asplenium oligophlebium Baker  var. oligophlebium,37,チャセンシダ科,Aspleniaceae,固有,
334,,トキワトラノオ,,Asplenium pekinense Hance,37,チャセンシダ科,Aspleniaceae,,
335,,ムニンシダ,,Asplenium polyodon G.Forst.,37,チャセンシダ科,Aspleniaceae,,VU
336,,ヒノキシダ,,Asplenium prolongatum Hook.,37,チャセンシダ科,Aspleniaceae,,
337,,オクタマシダ,アオガネシダモドキ,Asplenium pseudowilfordii Tagawa,37,チャセンシダ科,Aspleniaceae,固有,VU
338,,コウザキシダ,,Asplenium ritoense Hayata,37,チャセンシダ科,Aspleniaceae,,
339,,クモノスシダ,,Asplenium ruprechtii Sa.Kurata,37,チャセンシダ科,Aspleniaceae,,
340,,イチョウシダ,,Asplenium ruta-muraria L.,37,チャセンシダ科,Aspleniaceae,,NT
341,,コタニワタリ,ハガワリコタニワタリ,Asplenium scolopendrium L.,37,チャセンシダ科,Aspleniaceae,,
342,,ヤエヤマオオタニワタリ,リュウキュウトリノスシダ,Asplenium setoi N.Murak. et Seriz.,37,チャセンシダ科,Aspleniaceae,,
343,,テンリュウヌリトラノオ,,Asplenium shimurae (H.It?) Nakaike,37,チャセンシダ科,Aspleniaceae,,VU
344,,オトメシダ,,Asplenium tenerum G.Forst.,37,チャセンシダ科,Aspleniaceae,,VU
345,,イワトラノオ,,Asplenium tenuicaule Hayata,37,チャセンシダ科,Aspleniaceae,,
346,,チャセンシダ,,Asplenium trichomanes L.  subsp. quadrivalens D.E.Mey.,37,チャセンシダ科,Aspleniaceae,,
347,h,アイチャセンシダ,,Asplenium trichomanes L.  subsp. quadrivalens D.E.Mey. x  A. tripteropus Nakai,37,チャセンシダ科,Aspleniaceae,固有,
348,,オオバノヒノキシダ,"オオバヒノキシダ, オオバノコウザキシダ",Asplenium trigonopterum Kunze,37,チャセンシダ科,Aspleniaceae,,
349,,イヌチャセンシダ,,Asplenium tripteropus Nakai,37,チャセンシダ科,Aspleniaceae,,
350,,イノウエトラノオ,,Asplenium varians Wall. ex Hook. et Grev.,37,チャセンシダ科,Aspleniaceae,,
351,,アオチャセンシダ,,Asplenium viride Huds.,37,チャセンシダ科,Aspleniaceae,,
352,,アオガネシダ,オオアオガネシダ,Asplenium wilfordii Mett. ex Kuhn,37,チャセンシダ科,Aspleniaceae,,
353,h,ヒュウガトラノオ,,Asplenium wilfordii Mett. ex Kuhn x A. yoshinagae Makino,37,チャセンシダ科,Aspleniaceae,固有,
354,,クルマシダ,ハゴロモクルマシダ,Asplenium wrightii D.C.Eaton ex Hook.,37,チャセンシダ科,Aspleniaceae,,
355,h,クモイワトラノオ,,Asplenium x akaishiense K.Otsuka,37,チャセンシダ科,Aspleniaceae,,
356,h,アイヒメイワトラノオ,,Asplenium x capillicaule Fraser-Jenk.,37,チャセンシダ科,Aspleniaceae,,
357,h,ミサクボシダ,,Asplenium x iidanum (Sa.Kurata) Shimura et Takiguchi,37,チャセンシダ科,Aspleniaceae,固有,
359,h,オニヒノキシダ,,Asplenium x kenzoi Sa.Kurata,37,チャセンシダ科,Aspleniaceae,固有,
360,h,アイトキワトラノオ,,"Asplenium x kidoi Sleep ex Viane, Y.X.Lin et Reichst.",37,チャセンシダ科,Aspleniaceae,,
361,h,イセサキトラノオ,'イセザキトラノオ',Asplenium x kitazawae Sa.Kurata et Hutoh,37,チャセンシダ科,Aspleniaceae,,
363,h,ミタケトラノオ,,Asplenium x mitsutae Viane et Reichst.,37,チャセンシダ科,Aspleniaceae,,
365,h,ハヤマシダ,,Asplenium x shikokianum Makino,37,チャセンシダ科,Aspleniaceae,,
367,h,イノウエイワトラノオ,,Asplenium x tenuivarians Z.R.Wang ex Ebihara,37,チャセンシダ科,Aspleniaceae,,
368,h,クロガネシダモドキ,,Asplenium x tosaense Sa.Kurata,37,チャセンシダ科,Aspleniaceae,固有,
369,,トキワシダ,,Asplenium yoshinagae Makino,37,チャセンシダ科,Aspleniaceae,,
370,,タイワンホウビシダ,,Hymenasplenium apogamum (N.Murak. et S.-I.Hatan.) Nakaike,37,チャセンシダ科,Aspleniaceae,,NT
371,,ヒメタニワタリ,,Hymenasplenium cardiophyllum (Hance) Nakaike,37,チャセンシダ科,Aspleniaceae,,CR
372,,ウスバクジャク,,Hymenasplenium cheilosorum (Kunze ex Mett.) Tagawa,37,チャセンシダ科,Aspleniaceae,,
373,,ラハオシダ,,Hymenasplenium excisum (C.Presl) Hatus.,37,チャセンシダ科,Aspleniaceae,,EN
374,,ホウビシダ,,Hymenasplenium hondoense (N.Murak. et S.-I.Hatan.) Nakaike,37,チャセンシダ科,Aspleniaceae,,
375,,ナンゴクホウビシダ,ミタニシダ,Hymenasplenium murakami-hatanakae Nakaike,37,チャセンシダ科,Aspleniaceae,,
376,h,ナンゴクホウビシダ×ヤクシマホウビシダ,,Hymenasplenium murakami-hatanakae Nakaike x H. obliquissimum (Hayata) Sugim.,37,チャセンシダ科,Aspleniaceae,固有,
377,,ヤクシマホウビシダ,,Hymenasplenium obliquissimum (Hayata) Sugim.,37,チャセンシダ科,Aspleniaceae,,
378,,ウスイロホウビシダ,,Hymenasplenium subnormale (Copel.) Nakaike,37,チャセンシダ科,Aspleniaceae,,CR
438,,トガクシデンダ,ケンザンデンダ,Woodsia glabella R.Br. ex Richards.,38,イワデンダ科,Woodsiaceae,,
439,,ミヤマイワデンダ,,Woodsia ilvensis (L.) R.Br.,38,イワデンダ科,Woodsiaceae,,NT
440,,イヌイワデンダ,,Woodsia intermedia Tagawa,38,イワデンダ科,Woodsiaceae,,NT
441,,コガネシダ,ジョウシュウコガネシダ,Woodsia macrochlaena Mett. ex Kuhn,38,イワデンダ科,Woodsiaceae,,
442,,フクロシダ,,Woodsia manchuriensis Hook.,38,イワデンダ科,Woodsiaceae,,
443,,イワデンダ,エゾイワデンダ,Woodsia polystichoides D.C.Eaton,38,イワデンダ科,Woodsiaceae,,
444,,キタダケデンダ,ヒメデンダ,Woodsia subcordata Turcz.,38,イワデンダ科,Woodsiaceae,,CR
446,,イヌガンソク,ハゴロモイヌガンソク,Onoclea orientalis (Hook.) Hook.,39,コウヤワラビ科,Onocleaceae,,
447,,コウヤワラビ,,Onoclea sensibilis L. var. interrupta Maxim.,39,コウヤワラビ科,Onocleaceae,,
448,,クサソテツ,ガンソク,Onoclea struthiopteris (L.) Hoffm.,39,コウヤワラビ科,Onocleaceae,,
449,,オサシダ,,Blechnum amabile Makino,40,シシガシラ科,Blechnaceae,固有,
450,,ミヤマシシガシラ,アオジクミヤマシシガシラ,Blechnum castaneum Makino,40,シシガシラ科,Blechnaceae,固有,
451,,ハクウンシダ,タイワンシシガシラ,Blechnum hancockii Hance,40,シシガシラ科,Blechnaceae,,DD
452,,シシガシラ,"スエヒロシシガシラ, フタマタチャボシシガシラ, ナミバシシガシラ, サカバシシガシラ, ヒメシシガシラ",Blechnum niponicum (Kunze) Makino,40,シシガシラ科,Blechnaceae,固有,
453,,ヒリュウシダ,,Blechnum orientale L.,40,シシガシラ科,Blechnaceae,,
454,,オオギミシダ,,Woodwardia harlandii Hook.,40,シシガシラ科,Blechnaceae,,VU
455,,オオカグマ,トサノオオカグマ,Woodwardia japonica (L.f.) J.Sm.,40,シシガシラ科,Blechnaceae,,
456,,ホソバオオカグマ,,Woodwardia kempii Copel.,40,シシガシラ科,Blechnaceae,,NT
457,,コモチシダ,,Woodwardia orientalis Sw.,40,シシガシラ科,Blechnaceae,,
458,h,アイコモチシダ,,Woodwardia orientalis Sw. x W. prolifera Hook. et Arn.,40,シシガシラ科,Blechnaceae,固有,
459,,ハチジョウカグマ,タイワンコモチシダ ,Woodwardia prolifera Hook. et Arn.,40,シシガシラ科,Blechnaceae,,
460,,ハイコモチシダ,ジョウレンシダ,Woodwardia unigemmata (Makino) Nakai,40,シシガシラ科,Blechnaceae,,
461,h,アイオオカグマ,,Woodwardia x intermedia H.Christ,40,シシガシラ科,Blechnaceae,固有,
462,h,イズコモチシダ,,Woodwardia x izuensis Sa.Kurata,40,シシガシラ科,Blechnaceae,固有,
463,,イヌワラビ,"ニシキシダ, キンギョイヌワラビ, シシニシキシダ","Anisocampium niponicum (Mett.) Y.C.Liu, W.L.Chiou et M.Kato",41,メシダ科,Athyriaceae,,
464,,ウラボシノコギリシダ,,Anisocampium sheareri (Baker) Ching,41,メシダ科,Athyriaceae,,
465,h,ホクリクイヌワラビ,,Anisocampium x saitoanum (Sugim.) M.Kato,41,メシダ科,Athyriaceae,固有,
466,,タイワンアリサンイヌワラビ,"アリサンイヌワラビ, アリサンワラビ",Athyrium arisanense (Hayata) Tagawa  var. arisanense,41,メシダ科,Athyriaceae,,CR
467,,シビイヌワラビ,,Athyrium arisanense (Hayata) Tagawa  var. kenzo-satakei (Sa.Kurata) Seriz.,41,メシダ科,Athyriaceae,,CR
468,,テバコワラビ,,Athyrium atkinsonii Bedd.,41,メシダ科,Athyriaceae,,VU
469,,エゾメシダ,コウライメシダ,Athyrium brevifrons Nakai ex Tagawa,41,メシダ科,Athyriaceae,,
470,h,エゾサトメシダ,,Athyrium brevifrons Nakai ex Tagawa x A. deltoidofrons Makino,41,メシダ科,Athyriaceae,固有,
471,h,トウホクメシダ,,Athyrium brevifrons Nakai ex Tagawa x A. vidalii (Franch. et Sav.) Nakai,41,メシダ科,Athyriaceae,固有,
472,h,エゾヘビノネゴザ,,Athyrium brevifrons Nakai ex Tagawa x A. yokoscense (Franch. et Sav.) H.Christ,41,メシダ科,Athyriaceae,固有,
576,,ハコネシケチシダ,ケハコネシケチシダ,Athyrium christensenianum (Koidz.) Seriz.,41,メシダ科,Athyriaceae,,
473,,カラクサイヌワラビ,オオヒロハノイヌワラビ,Athyrium clivicola Tagawa,41,メシダ科,Athyriaceae,,
474,h,カラクサイヌワラビ×サトメシダ,,Athyrium clivicola Tagawa x A. deltoidofrons Makino,41,メシダ科,Athyriaceae,固有,
545,h,カラサキモリイヌワラビ,"ニセカラタニイヌワラビ, サキモリカラクサイヌワラビ",Athyrium clivicola Tagawa x A. oblitescens Sa.Kurata,41,メシダ科,Athyriaceae,固有,
532,h,アイトゲカラクサイヌワラビ,ブゼンイヌワラビ,Athyrium clivicola Tagawa x A. setuligerum Sa.Kurata,41,メシダ科,Athyriaceae,固有,
475,h,クラナリイヌワラビ,,Athyrium clivicola Tagawa x A. subrigescens Hayata,41,メシダ科,Athyriaceae,固有,
568,h,トットリイヌワラビ,,Athyrium clivicola Tagawa x A. tozanense (Hayata) Hayata,41,メシダ科,Athyriaceae,固有,
476,h,ヤマカラクサイヌワラビ,ヤマカライヌワラビ,Athyrium clivicola Tagawa x A. vidalii (Franch. et Sav.) Nakai,41,メシダ科,Athyriaceae,固有,
577,,イッポンワラビ,オオミヤマイヌワラビ,Athyrium crenulatoserrulatum Makino,41,メシダ科,Athyriaceae,,
578,,シケチシダ,タカオシケチシダ,Athyrium decurrentialatum (Hook.) Copel.,41,メシダ科,Athyriaceae,,
477,,サトメシダ,"トガリバメシダ, オゼサトメシダ",Athyrium deltoidofrons Makino,41,メシダ科,Athyriaceae,,
478,h,ホソバサトメシダ,,Athyrium deltoidofrons Makino x A. iseanum Rosenst.,41,メシダ科,Athyriaceae,固有,
525,h,タニサトメシダ,,Athyrium deltoidofrons Makino x A. otophorum (Miq.) Koidz.,41,メシダ科,Athyriaceae,固有,
479,h,ヘビサトメシダ,,Athyrium deltoidofrons Makino x A. yokoscense (Franch. et Sav.) H.Christ  var. yokoscense,41,メシダ科,Athyriaceae,固有,
480,,オクヤマワラビ,,Athyrium distentifolium Tausch ex Opiz,41,メシダ科,Athyriaceae,,
481,,ヘイケイヌワラビ,,Athyrium eremicola Oka et Sa.Kurata,41,メシダ科,Athyriaceae,固有,VU
482,h,ヘイケイヌワラビ×サキモリイヌワラビ,,Athyrium eremicola Oka et Sa.Kurata x A. oblitescens Sa.Kurata,41,メシダ科,Athyriaceae,固有,
483,,ミヤコイヌワラビ,ダンドイヌワラビ,Athyrium imbricatum H.Christ,41,メシダ科,Athyriaceae,,
484,,トガリバイヌワラビ,,Athyrium iseanum Rosenst.  var. angustisectum Tagawa,41,メシダ科,Athyriaceae,,
485,h,トガリバイヌワラビ×ヤクイヌワラビ,,Athyrium iseanum Rosenst.  var. angustisectum Tagawa x A. masamunei Seriz.,41,メシダ科,Athyriaceae,固有,
486,h,トガリバハツキイヌワラビ,,Athyrium iseanum Rosenst.  var. angustisectum Tagawa x A. otophorum (Miq.) Koidz.,41,メシダ科,Athyriaceae,固有,
488,h,トガリバイヌワラビ×ヤマイヌワラビ,,Athyrium iseanum Rosenst.  var. angustisectum Tagawa x A. vidalii (Franch. et Sav.) Nakai,41,メシダ科,Athyriaceae,固有,
490,,ホソバイヌワラビ,,Athyrium iseanum Rosenst.  var. iseanum,41,メシダ科,Athyriaceae,,
491,h,ホソバトゲカラクサイヌワラビ,,Athyrium iseanum Rosenst.  var. iseanum x A. setuligerum Sa.Kurata,41,メシダ科,Athyriaceae,固有,
492,h,アイトガリバイヌワラビ,ホソバトガリバイヌワラビ,Athyrium iseanum Rosenst. var. iseanum × A. iseanum Rosenst.  var. angustisectum Tagawa,41,メシダ科,Athyriaceae,固有,
493,h,ヤマガタイヌワラビ,,Athyrium iseanum Rosenst. x A. neglectum Seriz.  subsp. neglectum,41,メシダ科,Athyriaceae,固有,
494,,キリシマヘビノネゴザ,ウスバヘビノネゴザ,Athyrium kirishimaense Tagawa,41,メシダ科,Athyriaceae,固有,
1098,h,セフリヘビノネゴザ,,Athyrium kirisimaense Tagawa x A. vidalii (Franch. et Sav.) Nakai,41,メシダ科,Athyriaceae,固有,
495,,ツクシイヌワラビ,アリサンイヌワラビ,Athyrium kuratae Seriz.,41,メシダ科,Athyriaceae,,
533,h,アツバセフリイヌワラビ,,Athyrium kuratae Seriz. x A. oblitescens Sa.Kurata,41,メシダ科,Athyriaceae,固有,
535,h,イツキイヌワラビ,,Athyrium kuratae Seriz. x A. setuligerum Sa.Kurata,41,メシダ科,Athyriaceae,固有,
496,,ヤクイヌワラビ,'ゴウカンタチシノブ',Athyrium masamunei Seriz.,41,メシダ科,Athyriaceae,固有,CR
497,,ミヤマメシダ,,Athyrium melanolepis (Franch. et Sav.) H.Christ,41,メシダ科,Athyriaceae,,
498,h,ヤマメシダ,ケヤマメシダ,Athyrium melanolepis (Franch. et Sav.) H.Christ x A. vidalii (Franch. et Sav.) Nakai,41,メシダ科,Athyriaceae,固有,
499,,ヒメホウビシダ,,Athyrium nakanoi Makino,41,メシダ科,Athyriaceae,,VU
500,,シイバサトメシダ,,Athyrium neglectum Seriz.  subsp. australe Seriz.,41,メシダ科,Athyriaceae,固有,CR
501,h,シイバサトメシダ×ヘビノネゴザ,,Athyrium neglectum Seriz.  subsp. australe Seriz. x A. yokoscense (Franch. et Sav.) H.Christ,41,メシダ科,Athyriaceae,固有,
502,,コシノサトメシダ,,Athyrium neglectum Seriz.  subsp. neglectum,41,メシダ科,Athyriaceae,固有,
503,,イワイヌワラビ,,Athyrium nikkoense Makino,41,メシダ科,Athyriaceae,固有,
575,,ホソバシケチシダ,オオバミヤマイヌワラビ,Athyrium nudum Copel.,41,メシダ科,Athyriaceae,,EN
504,,サキモリイヌワラビ,,Athyrium oblitescens Sa.Kurata,41,メシダ科,Athyriaceae,固有,
505,h,ヤマグチイヌワラビ,,Athyrium oblitescens Sa.Kurata x A. subrigescens (Hayata) Hayata ex H.It?,41,メシダ科,Athyriaceae,固有,
506,h,サキモリヒロハイヌワラビ,,Athyrium oblitescens Sa.Kurata x A. wardii (Hook.) Makino,41,メシダ科,Athyriaceae,固有,
579,,アリサンシケチシダ,,Athyrium opacum (D.Don) Copel.,41,メシダ科,Athyriaceae,,
1099,f,ナンゴクシケチシダ,,Athyrium opacum (D.Don) Copel. f. glabrescens (Sa.Kurata) Seriz.,41,メシダ科,Athyriaceae,,VU
507,,タニイヌワラビ,"ヤマグチタニイヌワラビ, ミドリタニイヌワラビ",Athyrium otophorum (Miq.) Koidz.,41,メシダ科,Athyriaceae,,
508,h,タニホウライイヌワラビ,タニオトメイヌワラビ,Athyrium otophorum (Miq.) Koidz. x A. subrigescens (Hayata) Hayata ex H.It?,41,メシダ科,Athyriaceae,固有,
509,h,アオグキタニイヌワラビ,,Athyrium otophorum (Miq.) Koidz. x A. viridescentipes Sa.Kurata,41,メシダ科,Athyriaceae,固有,
510,,サカバサトメシダ,,Athyrium palustre Seriz.,41,メシダ科,Athyriaceae,,VU
511,,タカネサトメシダ,,Athyrium pinetorum Tagawa,41,メシダ科,Athyriaceae,固有,
512,,サカバイヌワラビ,,Athyrium reflexipinnum Hayata,41,メシダ科,Athyriaceae,,EN
513,,ミヤマヘビノネゴザ,,Athyrium rupestre Kodama,41,メシダ科,Athyriaceae,,
514,,トゲカラクサイヌワラビ,,Athyrium setuligerum Sa.Kurata,41,メシダ科,Athyriaceae,固有,
515,,タカサゴイヌワラビ,キノクニイヌワラビ,Athyrium silvicola Tagawa,41,メシダ科,Athyriaceae,,CR
516,,トゲヤマイヌワラビ,,Athyrium spinescens Sa.Kurata,41,メシダ科,Athyriaceae,固有,CR
517,,カラフトミヤマシダ,ミヤマイヌワラビ,Athyrium spinulosum (Maxim.) Milde,41,メシダ科,Athyriaceae,,
518,,コモチイヌワラビ,,Athyrium strigillosum (Lowe) T.Moore ex Salomon,41,メシダ科,Athyriaceae,,EN
519,,ホウライイヌワラビ,"オトメイヌワラビ, ケホウライイヌワラビ",Athyrium subrigescens (Hayata) Hayata ex H.It?,41,メシダ科,Athyriaceae,,EN
561,h,サワライヌワラビ,,Athyrium subrigescens (Hayata) Hayata ex H.It? x A. vidalii (Franch. et Sav.) Nakai,41,メシダ科,Athyriaceae,固有,
520,,シマイヌワラビ,ケシマイヌワラビ,Athyrium tozanense (Hayata) Hayata,41,メシダ科,Athyriaceae,,CR
566,h,タナカイヌワラビ,,Athyrium tozanense (Hayata) Hayata x A. vidalii (Franch. et Sav.) Nakai,41,メシダ科,Athyriaceae,固有,
521,,ヤマイヌワラビ,"エゾイヌワラビ, トガクシイヌワラビ, ケヤマイヌワラビ, ミドリヤマイヌワラビ",Athyrium vidalii (Franch. et Sav.) Nakai,41,メシダ科,Athyriaceae,,
522,,アオグキイヌワラビ,,Athyrium viridescentipes Sa.Kurata,41,メシダ科,Athyriaceae,固有,EN
523,,ヒロハイヌワラビ,"ヒロハノイヌワラビ, ミドリヒロハイヌワラビ, ルリデライヌワラビ",Athyrium wardii (Hook.) Makino,41,メシダ科,Athyriaceae,,
524,h,アキイヌワラビ,,Athyrium x akiense Sa.Kurata,41,メシダ科,Athyriaceae,固有,
526,h,イズイヌワラビ,ミドリイズイヌワラビ,Athyrium x amagipedis Sa.Kurata,41,メシダ科,Athyriaceae,固有,
527,h,アリシビイヌワラビ,シビツクシイヌワラビ,Athyrium x anceps Sa.Kurata,41,メシダ科,Athyriaceae,固有,
528,h,ナンゴクイヌワラビ,,Athyrium x austrojaponense Sa.Kurata,41,メシダ科,Athyriaceae,固有,
529,h,タニサキモリイヌワラビ,,Athyrium x awatae Seriz.,41,メシダ科,Athyriaceae,固有,
530,h,ニセコシノサトメシダ,,Athyrium x bicolor Seriz.,41,メシダ科,Athyriaceae,固有,
531,h,ニセシイバサトメシダ,,Athyrium x bicolor Seriz.  nothosubsp. shiibaense Seriz.,41,メシダ科,Athyriaceae,固有,
534,h,ヤマサカバサトメシダ,,Athyrium x calophyllum Sa.Kurata ex Seriz.,41,メシダ科,Athyriaceae,固有,
692,h,シケチイヌワラビ,,Athyrium x cornopteroides Sa.Kurata,41,メシダ科,Athyriaceae,固有,
536,h,ニセムラサキオトメイヌワラビ,,Athyrium x flavosorum Seriz.,41,メシダ科,Athyriaceae,,
537,h,オトマスイヌワラビ,,Athyrium x fuscopaleaceum Sa.Kurata,41,メシダ科,Athyriaceae,固有,
693,h,ニセシケチイヌワラビ,,Athyrium x glabrescens Seriz.,41,メシダ科,Athyriaceae,固有,
538,h,ヒサツイヌワラビ,,Athyrium x hisatsuanum Sa.Kurata,41,メシダ科,Athyriaceae,固有,
539,h,イクタイヌワラビ,,Athyrium x ikutae Sa.Kurata,41,メシダ科,Athyriaceae,固有,
540,h,ニセハツキイヌワラビ,,Athyrium x inabaense Seriz.,41,メシダ科,Athyriaceae,固有,
541,h,ヘビホソバイヌワラビ,,Athyrium x inouei Sa.Kurata,41,メシダ科,Athyriaceae,固有,
542,h,コスギイヌワラビ,,Athyrium x kawabatae Sa.Kurata,41,メシダ科,Athyriaceae,固有,
543,h,イヌコスギイヌワラビ,,Athyrium x kawabataeoides Sa.Kurata,41,メシダ科,Athyriaceae,固有,
544,h,ユノツルイヌワラビ,,Athyrium x kidoanum Sa.Kurata,41,メシダ科,Athyriaceae,固有,
580,h,ヤクシケチシダ,,Athyrium x masachikanum (Sa.Kurata) Seriz.,41,メシダ科,Athyriaceae,固有,
546,h,フケイヌワラビ,,Athyrium x masayukianum Sa.Kurata,41,メシダ科,Athyriaceae,固有,
547,h,ヤクツクシイヌワラビ,アリヤクイヌワラビ,Athyrium x megayakusimense Sa.Kurata,41,メシダ科,Athyriaceae,固有,
548,h,ヘビヤマイヌワラビ,,Athyrium x mentiens Sa.Kurata,41,メシダ科,Athyriaceae,固有,
549,h,ナンキイヌワラビ,,Athyrium x minakuchii Sa.Kurata,41,メシダ科,Athyriaceae,固有,
550,h,オオサトメシダ,オゼオオサトメシダ,Athyrium x multifidum Rosenst.,41,メシダ科,Athyriaceae,,
551,h,ホウヤクイヌワラビ,ケホウヤクイヌワラビ,Athyrium x neoelegans Sa.Kurata,41,メシダ科,Athyriaceae,固有,
552,h,オオサカバサトメシダ,,Athyrium x paludicola Sa.Kurata ex Seriz.,41,メシダ科,Athyriaceae,固有,
694,h,イヌシケチイヌワラビ,,Athyrium x petiolulatum Sa.Kurata,41,メシダ科,Athyriaceae,固有,
553,h,ハツキイヌワラビ,,Athyrium x pseudoiseanum Sa.Kurata,41,メシダ科,Athyriaceae,固有,
554,h,ヤマタカネサトメシダ,ケヤマタカネサトメシダ,Athyrium x pseudopinetorum Seriz.,41,メシダ科,Athyriaceae,固有,
555,h,ヤマホソバイヌワラビ,,Athyrium x pseudospinescens Seriz.,41,メシダ科,Athyriaceae,固有,
556,h,ヤマヒロハイヌワラビ,,Athyrium x pseudowardii Seriz.,41,メシダ科,Athyriaceae,固有,
557,h,ムラサキオトメイヌワラビ,ケムラサキオトメイヌワラビ,Athyrium x purpurascens (Tagawa) Sa.Kurata,41,メシダ科,Athyriaceae,固有,
558,h,カラタニイヌワラビ,,Athyrium x purpureipes Sa.Kurata,41,メシダ科,Athyriaceae,固有,
559,h,コビトイヌワラビ,,Athyrium x pygmaei-silvae Sa.Kurata,41,メシダ科,Athyriaceae,固有,
560,h,ヤマタニイヌワラビ,ケヤマタニイヌワラビ,Athyrium x quaesitum Sa.Kurata,41,メシダ科,Athyriaceae,固有,
562,h,オオアオグキイヌワラビ,,Athyrium x satsumense Seriz.,41,メシダ科,Athyriaceae,固有,
563,h,セフリイヌワラビ,,Athyrium x sefuricola Sa.Kurata,41,メシダ科,Athyriaceae,固有,
564,h,ヤマサカバイヌワラビ,,Athyrium x shikokumontanum Seriz.,41,メシダ科,Athyriaceae,固有,
565,h,オオバシマイヌワラビ,,Athyrium x subcrassipes Seriz.,41,メシダ科,Athyriaceae,固有,
567,h,オオカラクサイヌワラビ,ミドリオオカラクサイヌワラビ,Athyrium x tokashikii Sa.Kurata,41,メシダ科,Athyriaceae,固有,
569,h,ツルダイヌワラビ,'ツルタイヌワラビ',Athyrium x tsurutanum Sa.Kurata,41,メシダ科,Athyriaceae,固有,
581,h,キレハシケチシダ,,Athyrium x undulatipinnulum Seriz.,41,メシダ科,Athyriaceae,固有,
570,h,カンムリヤマサトメシダ,,Athyrium x watanabei Seriz.,41,メシダ科,Athyriaceae,固有,
571,h,ヤクシビイヌワラビ,マスラオイヌワラビ,Athyrium x yakuinsulare Sa.Kurata,41,メシダ科,Athyriaceae,固有,
572,h,イヌシマイヌワラビ,,Athyrium x yakumonticola Sa.Kurata,41,メシダ科,Athyriaceae,固有,
573,,ヤクシマタニイヌワラビ,,Athyrium yakusimense Tagawa,41,メシダ科,Athyriaceae,固有,CR
574,,ヘビノネゴザ,"コイヌワラビ, カナヤマシダ, トラノオイヌワラビ, ヒロハヘビノネゴザ, タカネヘビノネゴザ",Athyrium yokoscense (Franch. et Sav.) H.Christ,41,メシダ科,Athyriaceae,,
582,,オオシケシダ,,Deparia bonincola (Nakai) M.Kato,41,メシダ科,Athyriaceae,固有,NT
583,,ホソバシケシダ,"ヤリノホシケシダ, ヤブシダ",Deparia conilii (Franch. et Sav.) M.Kato,41,メシダ科,Athyriaceae,,
584,h,コセイタカシケシダ,,Deparia conilii (Franch. et Sav.) M.Kato x D. dimorphophylla (Koidz.) M.Kato,41,メシダ科,Athyriaceae,固有,
585,h,オオホソバシケシダ,,Deparia conilii (Franch. et Sav.) M.Kato x D. japonica (Thunb.) M.Kato,41,メシダ科,Athyriaceae,固有,
586,h,ホソバムクゲシケシダ,,Deparia conilii (Franch. et Sav.) M.Kato x D. kiusiana (Koidz.) M.Kato,41,メシダ科,Athyriaceae,固有,
587,h,ホソバナチシケシダ,,Deparia conilii (Franch. et Sav.) M.Kato x D. petersenii (Kunze) M.Kato,41,メシダ科,Athyriaceae,固有,
588,h,ホソバフモトシケシダ,,Deparia conilii (Franch. et Sav.) M.Kato x D. pseudoconilii (Seriz.) Seriz.,41,メシダ科,Athyriaceae,固有,
1100,h,ホソバシケシダ×ミヤマシケシダ,,Deparia conilii (Franch. et Sav.) M.Kato x D. pycnosora (H.Christ) M.Kato  var. pycnosora,41,メシダ科,Athyriaceae,固有,
590,,コウライイヌワラビ,タニメシダ,Deparia coreana (H.Christ) M.Kato,41,メシダ科,Athyriaceae,,VU
592,h,コウライイヌワラビ×ミヤマシケシダ,,Deparia coreana (H.Christ) M.Kato x D. pycnosora (H.Christ) M.Kato  var. pycnosora,41,メシダ科,Athyriaceae,固有,
593,,セイタカシケシダ,,Deparia dimorphophylla (Koidz.) M.Kato,41,メシダ科,Athyriaceae,,
594,h,セイタカムクゲシケシダ,,Deparia dimorphophylla (Koidz.) M.Kato x D. kiusiana (Koidz.) M.Kato,41,メシダ科,Athyriaceae,固有,
595,h,セイタカナチシケシダ,,Deparia dimorphophylla (Koidz.) M.Kato x D. petersenii (Kunze) M.Kato,41,メシダ科,Athyriaceae,,
596,h,セイタカフモトシケシダ,,Deparia dimorphophylla (Koidz.) M.Kato x D. pseudoconilii (Seriz.) Seriz.,41,メシダ科,Athyriaceae,固有,
597,,ジャコウシダ,アミシダダマシ,Deparia formosana (Rosenst.) R.Sano,41,メシダ科,Athyriaceae,,CR
598,,コウライイヌワラビモドキ,,Deparia henryi (Baker) M.Kato,41,メシダ科,Athyriaceae,,
599,,シケシダ,,Deparia japonica (Thunb.) M.Kato,41,メシダ科,Athyriaceae,,
600,h,ムクゲムサシシケシダ,ハルムクゲシケシダ,Deparia japonica (Thunb.) M.Kato x D. kiusiana (Koidz.) M.Kato,41,メシダ科,Athyriaceae,固有,
601,h,シケシダ×ウスバシケシダ,,Deparia japonica (Thunb.) M.Kato x D. longipes (Ching) Shinohara,41,メシダ科,Athyriaceae,固有,
602,h,タマシケシダ,,Deparia japonica (Thunb.) M.Kato x D. pseudoconilii (Franch. et Sav.) M.Kato  var. pseudoconilii,41,メシダ科,Athyriaceae,固有,
603,,ムクゲシケシダ,,Deparia kiusiana (Koidz.) M.Kato,41,メシダ科,Athyriaceae,,
604,h,ムクゲナチシケシダ,,Deparia kiusiana (Koidz.) M.Kato x D. petersenii (Kunze) M.Kato,41,メシダ科,Athyriaceae,固有,
605,h,ムクゲフモトシケシダ,,Deparia kiusiana (Koidz.) M.Kato x D. pseudoconilii (Seriz.) Seriz.,41,メシダ科,Athyriaceae,固有,
606,,ヘラシダ,"フイリヘラシダ, ギザギザヘラシダ",Deparia lancea (Thunb.) Fraser-Jenk.,41,メシダ科,Athyriaceae,,
607,,ウスバシケシダ,,Deparia longipes (Ching) Shinohara,41,メシダ科,Athyriaceae,,VU
608,,ヒュウガシケシダ,,Deparia minamitanii Seriz.,41,メシダ科,Athyriaceae,固有,CR
609,,オオヒメワラビ,,Deparia okuboana (Makino) M.Kato,41,メシダ科,Athyriaceae,,
626,h,オオメシダモドキ,,Deparia okuboana (Makino) M.Kato x D. pterorachis (H.Christ) M.Kato,41,メシダ科,Athyriaceae,固有,
610,h,ミドリワラビモドキ,,Deparia okuboana (Makino) M.Kato x D. viridifrons (Makino) M.Kato,41,メシダ科,Athyriaceae,固有,
611,,アソシケシダ,,Deparia otomasui (Sa.Kurata) Seriz.,41,メシダ科,Athyriaceae,固有,EN
612,,ナチシケシダ,"ヒロハシケシダ, コシケシダ, アサマシケシダ, アサマシダ",Deparia petersenii (Kunze) M.Kato  var. petersenii,41,メシダ科,Athyriaceae,,
613,,ヒメシケシダ,,Deparia petersenii (Kunze) M.Kato  var. yakusimensis (H.It?) M.Kato,41,メシダ科,Athyriaceae,固有,
614,h,ナチフモトシケシダ,,Deparia petersenii (Kunze) M.Kato x D. pseudoconilii (Seriz.) Seriz.,41,メシダ科,Athyriaceae,固有,
615,,フモトシケシダ,,Deparia pseudoconilii (Seriz.) Seriz.  var. pseudoconilii,41,メシダ科,Athyriaceae,,
616,,コヒロハシケシダ,,Deparia pseudoconilii (Seriz.) Seriz.  var. subdeltoidofrons (Seriz.) Seriz.,41,メシダ科,Athyriaceae,固有,
617,,オオメシダ,,Deparia pterorachis (H.Christ) M.Kato,41,メシダ科,Athyriaceae,,
618,h,ミドリオオメシダ,ミドリメシダ,Deparia pterorachis (H.Christ) M.Kato x D. viridifrons (Makino) M.Kato,41,メシダ科,Athyriaceae,固有,
619,,ハクモウイノデ,,Deparia pycnosora (H.Christ) M.Kato  var. albosquamata M.Kato,41,メシダ科,Athyriaceae,,
620,,ウスゲミヤマシケシダ,,Deparia pycnosora (H.Christ) M.Kato  var. mucilagina M.Kato,41,メシダ科,Athyriaceae,固有,
621,,ミヤマシケシダ,,Deparia pycnosora (H.Christ) M.Kato  var. pycnosora,41,メシダ科,Athyriaceae,,
622,h,ノッポロシケシダ,,Deparia pycnosora (H.Christ) M.Kato  var. pycnosora x D. pycnosora (H.Christ) M.Kato  var. albosquamata M.Kato,41,メシダ科,Athyriaceae,固有,
623,,オオヒメワラビモドキ,,Deparia unifurcata (Baker) M.Kato,41,メシダ科,Athyriaceae,,
624,,ミドリワラビ,,Deparia viridifrons (Makino) M.Kato,41,メシダ科,Athyriaceae,,
625,h,サツマシケシダ,,Deparia x birii Fraser-Jenk.,41,メシダ科,Athyriaceae,,
627,h,キヨズミメシダ,,Deparia x kiyozumiana (Sa.Kurata) Shimura,41,メシダ科,Athyriaceae,固有,
628,h,ヒトツバシケシダ,,Deparia x lobatocrenata (Tagawa) M.Kato,41,メシダ科,Athyriaceae,固有,
629,h,ムサシシケシダ,,Deparia x musashiensis (H.Ohba) Seriz.,41,メシダ科,Athyriaceae,固有,
630,h,ホソバハクモウイノデ,,Deparia x togakushiensis K.Otsuka et Fujiw.,41,メシダ科,Athyriaceae,固有,
631,h,ノコギリヘラシダ,,Deparia x tomitaroana (Masam.) R.Sano,41,メシダ科,Athyriaceae,,
633,,アマミシダ,,Diplazium amamianum Tagawa,41,メシダ科,Athyriaceae,固有,
1101,h,キンサクシダ,,Diplazium amamianum Tagawa x D. doederleinii (Luerss.) Makino,41,メシダ科,Athyriaceae,固有,
634,,ヒカゲワラビ,,Diplazium chinense (Baker) C.Chr.,41,メシダ科,Athyriaceae,,
635,h,ツクシワラビ,,Diplazium chinense (Baker) C.Chr. x D. fauriei H.Christ,41,メシダ科,Athyriaceae,固有,
675,,ニセコクモウクジャク,,Diplazium conterminum H.Christ,41,メシダ科,Athyriaceae,,
654,h,ミクマノシダ,,Diplazium conterminum H.Christ x D. hachijoense Nakai,41,メシダ科,Athyriaceae,固有,
636,,イブダケキノボリシダ,,Diplazium crassiusculum Tardieu ex Ching,41,メシダ科,Athyriaceae,,NT
637,,ウスバミヤマノコギリシダ,,Diplazium deciduum N.Ohta et M.Takamiya,41,メシダ科,Athyriaceae,固有,
638,h,ウスバミヤマノコギリシダ×ミヤマノコギリシダ,,Diplazium deciduum N.Ohta et M.Takamiya x D. mettenianum (Miq.) C.Chr.,41,メシダ科,Athyriaceae,固有,
639,h,セフリワラビ,,Diplazium deciduum N.Ohta et M.Takamiya x D. nipponicum Tagawa,41,メシダ科,Athyriaceae,固有,
640,,ヒロハノコギリシダ,,Diplazium dilatatum Blume  var. dilatatum,41,メシダ科,Athyriaceae,,
641,,ニセヒロハノコギリシダ,ナチワラビ,Diplazium dilatatum Blume  var. heterolepis Seriz.,41,メシダ科,Athyriaceae,,
642,,シマシロヤマシダ,,Diplazium doederleinii (Luerss.) Makino,41,メシダ科,Athyriaceae,,
643,,アツバキノボリシダ,,Diplazium donianum (Mett.) Tardieu  var. aphanoneuron (Ohwi) Tagawa,41,メシダ科,Athyriaceae,,
644,,キノボリシダ,,Diplazium donianum (Mett.) Tardieu  var. donianum,41,メシダ科,Athyriaceae,,
645,,クワレシダ,,Diplazium esculentum (Retz.) Sw.,41,メシダ科,Athyriaceae,,
646,,ホソバノコギリシダ,,Diplazium fauriei H.Christ,41,メシダ科,Athyriaceae,,
647,h,ホソバノコギリシダ×ヒロハミヤマノコギリシダ,,Diplazium fauriei H.Christ x D. griffithii T.Moore,41,メシダ科,Athyriaceae,固有,
648,h,ホソバノコギリシダ×オオバミヤマノコギリシダ,,Diplazium fauriei H.Christ x D. hayatamae N.Ohta et M.Takamiya,41,メシダ科,Athyriaceae,固有,
649,h,ホソバノコギリシダ×ミヤマノコギリシダ,,Diplazium fauriei H.Christ x D. mettenianum (Miq.) C.Chr.,41,メシダ科,Athyriaceae,固有,
1102,h,セイタカミヤマノコギリシダ,,Diplazium fauriei H.Christ x D. nipponicum Tagawa,41,メシダ科,Athyriaceae,固有,
650,,ヒロハミヤマノコギリシダ,タカサゴノコギリシダ,Diplazium griffithii T.Moore,41,メシダ科,Athyriaceae,,
651,h,ヒロハミヤマノコギリシダ×オオバミヤマノコギリシダ,,Diplazium griffithii T.Moore x D. hayatamae N.Ohta et M.Takamiya,41,メシダ科,Athyriaceae,固有,
652,h,ヒロハミヤマノコギリシダ×ミヤマノコギリシダ,,Diplazium griffithii T.Moore x D. mettenianum (Miq.) C.Chr.,41,メシダ科,Athyriaceae,固有,
653,,シロヤマシダ,テリハシロヤマシダ,Diplazium hachijoense Nakai,41,メシダ科,Athyriaceae,,
655,,オオバミヤマノコギリシダ,,Diplazium hayatamae N.Ohta et M.Takamiya,41,メシダ科,Athyriaceae,,
656,h,オオバミヤマノコギリシダ×ミヤマノコギリシダ,,Diplazium hayatamae N.Ohta et M.Takamiya x D. mettenianum (Miq.) C.Chr.,41,メシダ科,Athyriaceae,固有,
657,,ニセシケチシダ,,Diplazium incomptum Tagawa,41,メシダ科,Athyriaceae,,
682,,モッチョムシダ,,Diplazium kawabatae Sa.Kurata,41,メシダ科,Athyriaceae,固有,
658,,アオイガワラビ,ウスゲアオイガワラビ,Diplazium kawakamii Hayata,41,メシダ科,Athyriaceae,,CR
659,,キレバキノボリシダ,,Diplazium lobatum (Tagawa) Tagawa,41,メシダ科,Athyriaceae,,
660,,シマクジャク,シマクジャクシダ,Diplazium longicarpum Kodama,41,メシダ科,Athyriaceae,固有,VU
661,,ミヤマノコギリシダ,"キレバノコギリシダ, モロゾコシダ",Diplazium mettenianum (Miq.) C.Chr.,41,メシダ科,Athyriaceae,,
662,,オニヒカゲワラビ,,Diplazium nipponicum Tagawa,41,メシダ科,Athyriaceae,,
663,h,オニキヨタキシダ,,Diplazium nipponicum Tagawa x D. squamigerum (Mett.) Matsum.,41,メシダ科,Athyriaceae,固有,
676,,オキナワコクモウクジャク,オキナワクジャク,Diplazium okinawaense Tagawa,41,メシダ科,Athyriaceae,,NT
664,,イヨクジャク,,Diplazium okudairae Makino,41,メシダ科,Athyriaceae,,EN
665,,フクレギシダ,,Diplazium pinfaense Ching,41,メシダ科,Athyriaceae,,CR
666,,ハンコクシダ,ハンコックシダ,Diplazium pullingeri (Baker) J.Sm.,41,メシダ科,Athyriaceae,,NT
667,,ミヤマシダ,,Diplazium sibiricum (Turcz. ex Kunze) Sa.Kurata  var. glabrum (Tagawa) Sa.Kurata,41,メシダ科,Athyriaceae,,
668,h,ミヤマキヨタキシダ,,Diplazium sibiricum (Turcz. ex Kunze) Sa.Kurata  var. glabrum (Tagawa) Sa.Kurata x D. squamigerum (Mett.) Matsum.,41,メシダ科,Athyriaceae,固有,
669,,キタノミヤマシダ,,Diplazium sibiricum (Turcz. ex Kunze) Sa.Kurata  var. sibiricum,41,メシダ科,Athyriaceae,,
670,h,キタノミヤマシダ×ミヤマシダ,,Diplazium sibiricum (Turcz. ex Kunze) Sa.Kurata  var. sibiricum x D. sibiricum  var. glabrum (Tagawa) Sa.Kurata,41,メシダ科,Athyriaceae,固有,
671,,キヨタキシダ,,Diplazium squamigerum (Mett.) Matsum.,41,メシダ科,Athyriaceae,,
672,,ムニンミドリシダ,ハハジマイヌワラビ,Diplazium subtripinnatum Nakai,41,メシダ科,Athyriaceae,固有,CR
673,,ニセシロヤマシダ,,Diplazium taiwanense Tagawa,41,メシダ科,Athyriaceae,,VU
674,,ヒュウガシダ,,Diplazium takii Sa.Kurata,41,メシダ科,Athyriaceae,固有,
677,,コクモウクジャク,オオコクモウクジャク,Diplazium virescens Kunze,41,メシダ科,Athyriaceae,,
678,,ヒメノコギリシダ,,Diplazium wichurae (Mett.) Diels  var. amabile Tagawa,41,メシダ科,Athyriaceae,固有,NT
679,,ノコギリシダ,チャボノコギリシダ,Diplazium wichurae (Mett.) Diels  var. wichurae,41,メシダ科,Athyriaceae,,
680,h,ビッチュウヒカゲワラビ,イヅルヒカゲワラビ,Diplazium x bittyuense Tagawa,41,メシダ科,Athyriaceae,固有,
681,h,フトウワラビ,アマミヒロハノコギリシダ,Diplazium x hutohanum Sa.Kurata ex Seriz.,41,メシダ科,Athyriaceae,固有,
683,h,フクレギクジャク,,Diplazium x kidoi Sa.Kurata,41,メシダ科,Athyriaceae,固有,
684,h,アカメクジャク,,Diplazium x okudairaeoides Sa.Kurata,41,メシダ科,Athyriaceae,固有,
685,h,オワセシダ,,Diplazium x owaseanum Sa.Kurata,41,メシダ科,Athyriaceae,固有,
686,h,サツマクジャク,,Diplazium x satsumense Sa.Kurata,41,メシダ科,Athyriaceae,固有,
688,h,イサワラビ,,Diplazium x tetsu-yamanakae Sa.Kurata,41,メシダ科,Athyriaceae,固有,
689,h,ダンドシダ,,Diplazium x toriianum Sa.Kurata,41,メシダ科,Athyriaceae,固有,
690,h,ヤクシマワラビ,,Diplazium x yakumontanum Tagawa,41,メシダ科,Athyriaceae,固有,
691,h,ホコザキノコギリシダ,,Diplazium x yaoshanense (Y.C.Wu) Tardieu,41,メシダ科,Athyriaceae,,
418,,ムニンヒメワラビ,,Macrothelypteris ogasawarensis (Nakai) Holttum,42,ヒメシダ科,Thelypteridaceae,固有,
427,,ヒメワラビ,,Macrothelypteris torresiana (Gaudich.) Ching  var. calvata (Baker) Holttum,42,ヒメシダ科,Thelypteridaceae,,
428,,アラゲヒメワラビ,,Macrothelypteris torresiana (Gaudich.) Ching  var. torresiana,42,ヒメシダ科,Thelypteridaceae,,
433,,ミドリヒメワラビ,,Macrothelypteris viridifrons (Tagawa) Ching,42,ヒメシダ科,Thelypteridaceae,,
437,h,アイヒメワラビ,,Macrothelypteris x subviridifrons (Seriz.) Nakaike,42,ヒメシダ科,Thelypteridaceae,固有,
391,,ハイミミガタシダ,,Phegopteris aurita (Hook.) J.Sm.,42,ヒメシダ科,Thelypteridaceae,,EW
394,,タチヒメワラビ,,Phegopteris bukoensis (Tagawa) Tagawa,42,ヒメシダ科,Thelypteridaceae,固有,
422,,ミヤマワラビ,,Phegopteris connectilis (Michx.) Watt,42,ヒメシダ科,Thelypteridaceae,,
397,,ゲジゲジシダ,"オオゲジゲジシダ, コゲジゲジシダ, ホウライゲジゲジシダ",Phegopteris decursivepinnata (H.C.Hall) F?e,42,ヒメシダ科,Thelypteridaceae,,
425,,ミミガタシダ,チナゼシダ,Phegopteris subaurita (Tagawa) Tagawa,42,ヒメシダ科,Thelypteridaceae,,
383,,ホシダ,"シシホシダ, イヨホシダ, チリメンホシダ, クリンホシダ, イヌホシダ",Thelypteris acuminata (Houtt.) C.V.Morton,42,ヒメシダ科,Thelypteridaceae,,
384,h,アイイヌケホシダ,カイホシダ,Thelypteris acuminata (Houtt.) C.V.Morton x T. dentata (Forssk.) E.P.St.John,42,ヒメシダ科,Thelypteridaceae,,
385,h,クシノハホシダ,アイクシノハシダ,Thelypteris acuminata (Houtt.) C.V.Morton x T. jaculosa (C.Chr.) Panigr.,42,ヒメシダ科,Thelypteridaceae,固有,
386,h,アイノコホシダ,ウスゲケホシダ,Thelypteris acuminata (Houtt.) C.V.Morton x T. parasitica (L.) Tardieu,42,ヒメシダ科,Thelypteridaceae,固有,
387,,オオハシゴシダ,チュウレイハシゴシダ,Thelypteris angulariloba Ching,42,ヒメシダ科,Thelypteridaceae,,
388,,コハシゴシダ,,Thelypteris angustifrons (Miq.) Ching,42,ヒメシダ科,Thelypteridaceae,,
389,h,ヒメコハシゴシダ,,Thelypteris angustifrons (Miq.) Ching x T. cystopteroides (D.C.Eaton) Ching,42,ヒメシダ科,Thelypteridaceae,固有,
390,h,アイノコハシゴシダ,,Thelypteris angustifrons (Miq.) Ching x T. glanduligera (Kunze) Ching,42,ヒメシダ科,Thelypteridaceae,,
392,,ホソバショリマ,,Thelypteris beddomei (Baker) Ching,42,ヒメシダ科,Thelypteridaceae,,
393,,オオホシダ,ムニンミゾシダ,Thelypteris boninensis (Kodama ex Koidz.) K.Iwats.,42,ヒメシダ科,Thelypteridaceae,固有,NT
395,,タイワンハシゴシダ,,Thelypteris castanea (Tagawa) Ching,42,ヒメシダ科,Thelypteridaceae,,VU
396,,ヒメハシゴシダ,,Thelypteris cystopteroides (D.C.Eaton) Ching,42,ヒメシダ科,Thelypteridaceae,,
398,,イヌケホシダ,,Thelypteris dentata (Forssk.) E.P.St.John,42,ヒメシダ科,Thelypteridaceae,,
399,,タイヨウシダ,,Thelypteris erubescens (Wall. ex Hook.) Ching,42,ヒメシダ科,Thelypteridaceae,,CR
400,,イブキシダ,"オオイブキシダ, ハゴロモイブキシダ",Thelypteris esquirolii (H.Christ) Ching,42,ヒメシダ科,Thelypteridaceae,,
401,,トサノミゾシダモドキ,,Thelypteris flexilis (H.Christ) Ching,42,ヒメシダ科,Thelypteridaceae,,VU
402,,ハシゴシダ,,Thelypteris glanduligera (Kunze) Ching,42,ヒメシダ科,Thelypteridaceae,,
403,,シマヤワラシダ,,Thelypteris gracilescens (Blume) Ching,42,ヒメシダ科,Thelypteridaceae,,CR
380,,アミシダ,,Thelypteris griffithii (Hook.f. et Thomson) C.F.Reed  var. wilfordii (Hook.) C.M.Kuo,42,ヒメシダ科,Thelypteridaceae,,
381,,ヒメミゾシダ,,Thelypteris gymnocarpa (Copel.) C.V.Morton subsp. amabilis (Tagawa) C.V.Morton,42,ヒメシダ科,Thelypteridaceae,固有,NT
404,,ヨコグラヒメワラビ,,Thelypteris hattorii (H.It?) Tagawa,42,ヒメシダ科,Thelypteridaceae,,
1103,f,ツクシヤワラシダ,ヒロハノヤワラシダ,Thelypteris hattorii (H.It?) Tagawa f. nemoralis (Ching) Ebihara et Nakato,42,ヒメシダ科,Thelypteridaceae,,
405,,テツホシダ,,Thelypteris interrupta (Willd.) K.Iwats.,42,ヒメシダ科,Thelypteridaceae,,
406,,クシノハシダ,,Thelypteris jaculosa (C.Chr.) Panigr.,42,ヒメシダ科,Thelypteridaceae,,
407,,ハリガネワラビ,,Thelypteris japonica (Baker) Ching,42,ヒメシダ科,Thelypteridaceae,,
1104,ｆ,アオハリガネワラビ,"コウライヤワラシダ, シロジクハリガネワラビ","Thelypteris japonica (Baker) Ching f. formosa (C.Chr.) Nakato, Sahashi et M.Kato",42,ヒメシダ科,Thelypteridaceae,,
408,h,アイハリガネワラビ,,"Thelypteris japonica (Baker) Ching x T. musashiensis (Hiyama) Nakato, Sahashi et M.Kato",42,ヒメシダ科,Thelypteridaceae,,
409,h,ハリガネワラビ×メニッコウシダ,ニッコウハリガネワラビ,Thelypteris japonica (Baker) Ching x T. nipponica (Franch. et Sav.) Ching  var. borealis (H.Hara) H.Hara,42,ヒメシダ科,Thelypteridaceae,固有,
410,,ヤワラシダ,ウスゲヤワラシダ,Thelypteris laxa (Franch. et Sav.) Ching,42,ヒメシダ科,Thelypteridaceae,,
411,,オオコウモリシダ,,Thelypteris liukiuensis (H.Christ ex Matsum.) K.Iwats.,42,ヒメシダ科,Thelypteridaceae,,
412,,リュウキュウハシゴシダ,オキナワハシゴシダ,"Thelypteris miyagii (H.It?) Nakato, Sahashi et M.Kato",42,ヒメシダ科,Thelypteridaceae,固有,
413,,イワハリガネワラビ,,"Thelypteris musashiensis (Hiyama) Nakato, Sahashi et M.Kato",42,ヒメシダ科,Thelypteridaceae,,
414,h,イワハリガネワラビ×メニッコウシダ,,"Thelypteris musashiensis (Hiyama) Nakato, Sahashi et M.Kato x T. nipponica (Franch. et Sav.) Ching  var. borealis (H.Hara) H.Hara",42,ヒメシダ科,Thelypteridaceae,固有,
415,,ニッコウシダ,,Thelypteris nipponica (Franch. et Sav.) Ching,42,ヒメシダ科,Thelypteridaceae,,
416,,メニッコウシダ,ケヒメシダ,Thelypteris nipponica (Franch. et Sav.) Ching  var. borealis (H.Hara) H.Hara,42,ヒメシダ科,Thelypteridaceae,,
417,h,ニッコウシダ×メニッコウシダ,,Thelypteris nipponica (Franch. et Sav.) Ching var. nipponica x T. nipponica (Franch. et Sav.) Ching  var. borealis (H.Hara) H.Hara,42,ヒメシダ科,Thelypteridaceae,固有,
419,,ミゾシダモドキ,,Thelypteris omeiensis (Baker) Ching,42,ヒメシダ科,Thelypteridaceae,,
420,,ヒメシダ,ショリマ,Thelypteris palustris Schott,42,ヒメシダ科,Thelypteridaceae,,
421,,ケホシダ,,Thelypteris parasitica (L.) Tardieu,42,ヒメシダ科,Thelypteridaceae,,
382,,ミゾシダ,"アラゲミゾシダ, ヤクシマミゾシダ, エダウチミゾシダ, シシミゾシダ",Thelypteris pozoi (Lag.) C.V.Morton subsp. mollissima (Fisch. ex Kunze) C.V.Morton,42,ヒメシダ科,Thelypteridaceae,,
423,,オオバショリマ,ヤクシマショリマ,Thelypteris quelpaertensis (H.Christ) Ching,42,ヒメシダ科,Thelypteridaceae,,
424,,ヒトツバコウモリシダ,,Thelypteris simplex (Hook.) K.Iwats.,42,ヒメシダ科,Thelypteridaceae,,
426,,コバザケシダ,,Thelypteris taiwanensis (C.Chr.) K.Iwats.,42,ヒメシダ科,Thelypteridaceae,,
429,,ホソバコウモリシダ,,Thelypteris triphylla (Sw.) K.Iwats.  var. parishii (Bedd.) K.Iwats.,42,ヒメシダ科,Thelypteridaceae,,
430,,コウモリシダ,シシコウモリシダ,Thelypteris triphylla (Sw.) K.Iwats.  var. triphylla,42,ヒメシダ科,Thelypteridaceae,,
431,,ナタギリシダ,オニホシダ,Thelypteris truncata (Poir.) K.Iwats.,42,ヒメシダ科,Thelypteridaceae,,
432,,タイワンハリガネワラビ,,Thelypteris uraiensis (Rosenst.) Ching,42,ヒメシダ科,Thelypteridaceae,,EN
434,h,カワバタホシダ,,Thelypteris x incesta W.H.Wagner,42,ヒメシダ科,Thelypteridaceae,,
435,h,エラブコウモリシダ,,Thelypteris x insularis (K.Iwats.) K.Iwats.,42,ヒメシダ科,Thelypteridaceae,,
436,h,ヤエヤマコウモリシダ,,Thelypteris x pseudoliukiuensis Seriz.,42,ヒメシダ科,Thelypteridaceae,,
695,,キンモウワラビ,オオバノキンモウワラビ,Hypodematium crenatum (Forssk.) Kuhn  subsp. fauriei (Kodama) K.Iwats.,44,キンモウワラビ科,Hypodematiaceae,固有,VU
696,,リュウキュウキンモウワラビ,,Hypodematium fordii (Baker) Ching,44,キンモウワラビ科,Hypodematiaceae,,CR
697,,ケキンモウワラビ,,Hypodematium glandulosopilosum (Tagawa) Ohwi,44,キンモウワラビ科,Hypodematiaceae,,
700,,ヤクカナワラビ,オキナワカナワラビ,Arachniodes amabilis (Blume) Tindale  var. amabilis,45,オシダ科,Dryopteridaceae,,
701,h,ヤクカナワラビ×コバノカナワラビ,"ヤクテンリュウカナワラビ, ヤクカナモドキ",Arachniodes amabilis (Blume) Tindale  var. amabilis x A. sporadosora (Kunze) Nakaike,45,オシダ科,Dryopteridaceae,固有,
698,,オオカナワラビ,カナワラビ,Arachniodes amabilis (Blume) Tindale  var. fimbriata K.Iwats.,45,オシダ科,Dryopteridaceae,,
722,h,テンリュウカナモドキ,,Arachniodes amabilis (Blume) Tindale  var. fimbriata K.Iwats. x A. exilis (Hance) Ching,45,オシダ科,Dryopteridaceae,固有,
702,,ホソバナライシダ,フクシマナライシダ,Arachniodes borealis Seriz.,45,オシダ科,Dryopteridaceae,,
703,,イツキカナワラビ,,Arachniodes cantilenae Sa.Kurata,45,オシダ科,Dryopteridaceae,固有,CR
725,h,テツヤマカナワラビ,,Arachniodes cantilenae Sa.Kurata x A. nipponica (Rosenst.) Ohwi,45,オシダ科,Dryopteridaceae,固有,
704,,ヤクシマカナワラビ,,Arachniodes cavaleriei (H.Christ) Ohwi,45,オシダ科,Dryopteridaceae,,VU
705,,オニカナワラビ,,Arachniodes chinensis (Rosenst.) Ching,45,オシダ科,Dryopteridaceae,,
746,h,ヤマズミシダ,,Arachniodes chinensis (Rosenst.) Ching x A. fargesii (H.Christ) Seriz.,45,オシダ科,Dryopteridaceae,固有,
737,h,オニコバカナワラビ,,Arachniodes chinensis (Rosenst.) Ching x A. sporadosora (Kunze) Nakaike,45,オシダ科,Dryopteridaceae,固有,
706,,ハチジョウカナワラビ,,Arachniodes davalliiformis (H.Christ) Nakaike,45,オシダ科,Dryopteridaceae,固有,NT
707,,ホザキカナワラビ,,Arachniodes dimorphophylla (Hayata) Ching,45,オシダ科,Dryopteridaceae,固有,
708,,ホソバカナワラビ,オコゼシダ,Arachniodes exilis (Hance) Ching,45,オシダ科,Dryopteridaceae,,
1105,f,アタシカカナワラビ,,Arachniodes exilis (Hance) Ching  f. oohorae (H.It?) Seriz.,45,オシダ科,Dryopteridaceae,,CR
735,h,ホソコバカナワラビ,ツクシカナワラビ,Arachniodes exilis (Hance) Ching x A. sporadosora (Kunze) Nakaike,45,オシダ科,Dryopteridaceae,固有,
728,h,ジンムジカナワラビ,,Arachniodes exilis (Hance) Ching x A. standishii (T.Moore) Ohwi,45,オシダ科,Dryopteridaceae,固有,
711,,ナンゴクナライシダ,,Arachniodes fargesii (H.Christ) Seriz.,45,オシダ科,Dryopteridaceae,,
709,,シビカナワラビ,,Arachniodes hekiana Sa.Kurata,45,オシダ科,Dryopteridaceae,,VU
710,,ヒュウガカナワラビ,,Arachniodes hiugana Sa.Kurata,45,オシダ科,Dryopteridaceae,固有,CR
712,,シノブカグマ,ミヤマカナワラビ,Arachniodes mutica (Franch. et Sav.) Ohwi,45,オシダ科,Dryopteridaceae,,
713,,ミドリカナワラビ,,Arachniodes nipponica (Rosenst.) Ohwi,45,オシダ科,Dryopteridaceae,,
714,,ヒロハナライシダ,ヒロハノナライシダ,Arachniodes quadripinnata (Hayata) Seriz.  subsp. fimbriata (Koidz.) Seriz.,45,オシダ科,Dryopteridaceae,,EN
715,,ハカタシダ,,Arachniodes simplicior (Makino) Ohwi,45,オシダ科,Dryopteridaceae,,
717,h,コバノハカタシダ,,Arachniodes simplicior (Makino) Ohwi x A. sporadosora (Kunze) Nakaike,45,オシダ科,Dryopteridaceae,固有,
718,,ヒゴカナワラビ,,Arachniodes simulans (Ching) Ching,45,オシダ科,Dryopteridaceae,,CR
719,,コバノカナワラビ,,Arachniodes sporadosora (Kunze) Nakaike,45,オシダ科,Dryopteridaceae,,
720,h,ツルダカナワラビ×コバノカナワラビ,,Arachniodes sporadosora (Kunze) Nakaike x A. yaoshanensis (Y.C.Wu) Seriz.,45,オシダ科,Dryopteridaceae,固有,
745,h,マサキカナワラビ,,Arachniodes sporadosora (Kunze) Nakaike x A. yasu-inouei Sa.Kurata  var. yasu-inouei,45,オシダ科,Dryopteridaceae,固有,
721,,リョウメンシダ,,Arachniodes standishii (T.Moore) Ohwi,45,オシダ科,Dryopteridaceae,,
723,h,アヅミノナライシダ,'アズミノナライシダ',"Arachniodes x azuminoensis Fujiw., Y.Matsuda, Yu.Abe et Otsuka",45,オシダ科,Dryopteridaceae,固有,
724,h,チバナライシダ,,Arachniodes x chibaensis Yashiro,45,オシダ科,Dryopteridaceae,固有,
726,h,イケミネナライシダ,,Arachniodes x ikeminensis Seriz.,45,オシダ科,Dryopteridaceae,固有,
727,h,ニセハガクレカナワラビ,,Arachniodes x ikutana Seriz.,45,オシダ科,Dryopteridaceae,固有,
729,h,カワヅカナワラビ,'カワズカナワラビ',Arachniodes x kenzo-satakei (Sa.Kurata) Sa.Kurata,45,オシダ科,Dryopteridaceae,固有,
730,h,テンリュウカナワラビ,,Arachniodes x kurosawae Shimura et Sa.Kurata,45,オシダ科,Dryopteridaceae,固有,
731,h,サンヨウカナワラビ,,Arachniodes x masakii Sa.Kurata,45,オシダ科,Dryopteridaceae,固有,
732,h,クルソンカナワラビ,,Arachniodes x minamitanii Sa.Kurata,45,オシダ科,Dryopteridaceae,固有,
742,h,タカヤマナライシダ,,Arachniodes x miqueliana (Maxim. ex Franch. et Sav.) Ohwi,45,オシダ科,Dryopteridaceae,固有,
733,h,イイノカナワラビ,,Arachniodes x mirabilis Sa.Kurata,45,オシダ科,Dryopteridaceae,固有,
734,h,キサラギカナワラビ,,Arachniodes x mitsuyoshiana Sa.Kurata,45,オシダ科,Dryopteridaceae,固有,
736,h,ゴリカナワラビ,,Arachniodes x pseudohekiana Sa.Kurata,45,オシダ科,Dryopteridaceae,,
738,h,イヌツルダカナワラビ,"イヌツルタカナワラビ', コウラカナワラビ, キノクニカナワラビ, オノアイダカナワラビ",Arachniodes x repens Sa.Kurata,45,オシダ科,Dryopteridaceae,固有,
739,h,ホソバハカタシダ,,Arachniodes x respiciens Sa.Kurata,45,オシダ科,Dryopteridaceae,固有,
740,h,シモダカナワラビ,,Arachniodes x sasamotoi Sa.Kurata,45,オシダ科,Dryopteridaceae,固有,
741,h,ヤマグチカナワラビ,,Arachniodes x subamabilis Sa.Kurata,45,オシダ科,Dryopteridaceae,固有,
743,h,エンシュウカナワラビ,,"Arachniodes x tohtomiensis Shimura, nom. nud.",45,オシダ科,Dryopteridaceae,固有,
744,h,トミタカナワラビ,アワノカナワラビ,Arachniodes x tomitae Sa.Kurata,45,オシダ科,Dryopteridaceae,固有,
747,,ツルダカナワラビ,'ツルタカナワラビ',Arachniodes yaoshanensis (Y.C.Wu) Seriz.,45,オシダ科,Dryopteridaceae,,CR
748,,コバヤシカナワラビ,,Arachniodes yasu-inouei Sa.Kurata  var. angustipinnula Seriz.,45,オシダ科,Dryopteridaceae,固有,EX
749,,ハガクレカナワラビ,,Arachniodes yasu-inouei Sa.Kurata  var. yasu-inouei,45,オシダ科,Dryopteridaceae,固有,VU
750,,オトコシダ,オオオトコシダ,Arachniodes yoshinagae (Makino) Ching,45,オシダ科,Dryopteridaceae,,
751,,オキナワキジノオ,,Bolbitis appendiculata (Willd.) K.Iwats.,45,オシダ科,Dryopteridaceae,,
752,,オオヘツカシダ,コモチヘツカシダ,Bolbitis heteroclita (C.Presl) Ching,45,オシダ科,Dryopteridaceae,,
753,h,アイノコヘツカシダ,,Bolbitis heteroclita (C.Presl) Ching x B. subcordata (Copel.) Ching,45,オシダ科,Dryopteridaceae,,
754,,ムニンヘツカシダ,,Bolbitis quoyana (Gaudich.) Ching,45,オシダ科,Dryopteridaceae,,
755,,ヘツカシダ,,Bolbitis subcordata (Copel.) Ching,45,オシダ科,Dryopteridaceae,,
756,h,オオオキナワキジノオ,,Bolbitis x laxireticulata K.Iwats.,45,オシダ科,Dryopteridaceae,,
757,,ホラカグマ,,Ctenitis eatonii (Baker) Ching,45,オシダ科,Dryopteridaceae,,
758,,コミダケシダ,,Ctenitis iriomotensis (H.It?) Nakaike,45,オシダ科,Dryopteridaceae,固有,VU
759,,キンモウイノデ,シシキンモウイノデ,Ctenitis lepigera (Baker) Tagawa,45,オシダ科,Dryopteridaceae,,
760,,コキンモウイノデ,,Ctenitis microlepigera (Nakai) Ching,45,オシダ科,Dryopteridaceae,固有,EN
761,,サツマシダ,,Ctenitis sinii (Ching) Ohwi,45,オシダ科,Dryopteridaceae,,EN
762,,カツモウイノデ,,Ctenitis subglandulosa (Hance) Ching,45,オシダ科,Dryopteridaceae,,
763,,クマヤブソテツ,,Cyrtomium anomophyllum (Zenker) Fraser-Jenk.,45,オシダ科,Dryopteridaceae,,CR
773,,イズヤブソテツ,,Cyrtomium atropunctatum Sa.Kurata,45,オシダ科,Dryopteridaceae,,
764,,メヤブソテツ,イワヤブソテツ,Cyrtomium caryotideum (Wall. ex Hook. et Grev.) C.Presl,45,オシダ科,Dryopteridaceae,,
778,h,ナガバメヤブソテツ,,Cyrtomium caryotideum (Wall. ex Hook. et Grev.) C.Presl x C. devexiscapulae (Koidz.) Ching,45,オシダ科,Dryopteridaceae,固有,
765,,ナガバヤブソテツ,,Cyrtomium devexiscapulae (Koidz.) Ching,45,オシダ科,Dryopteridaceae,,
1106,h,ナガバヤブソテツ×ムニンオニヤブソテツ,,Cyrtomium devexiscapulae (Koidz.) Ching x C. falcatum (L.f.) C.Presl  subsp. australe S.Matsumoto ex S.Matsumoto et Ebihara,45,オシダ科,Dryopteridaceae,固有,
766,h,アイオニヤブソテツ,,Cyrtomium devexiscapulae (Koidz.) Ching x C. falcatum (L.f.) C.Presl  subsp. falcatum,45,オシダ科,Dryopteridaceae,固有,
767,h,マムシヤブソテツ,マムシオニヤブソテツ,Cyrtomium devexiscapulae (Koidz.) Ching x C. fortunei J.Sm.,45,オシダ科,Dryopteridaceae,,
768,h,ナガバヤブソテツモドキ,クマモトヤブソテツ,Cyrtomium devexiscapulae (Koidz.) Ching x C. laetevirens (Hiyama) Nakaike ,45,オシダ科,Dryopteridaceae,,
769,h,ナガバミヤコヤブソテツ,,Cyrtomium devexiscapulae (Koidz.) Ching x C. yamamotoi Tagawa,45,オシダ科,Dryopteridaceae,固有,
770,,ムニンオニヤブソテツ,,Cyrtomium falcatum (L.f.) C.Presl  subsp. australe S.Matsumoto ex S.Matsumoto et Ebihara,45,オシダ科,Dryopteridaceae,,
771,,オニヤブソテツ,,Cyrtomium falcatum (L.f.) C.Presl  subsp. falcatum,45,オシダ科,Dryopteridaceae,,
772,,ヒメオニヤブソテツ,,Cyrtomium falcatum (L.f.) C.Presl  subsp. littorale S.Matsumoto ex S.Matsumoto et Ebihara,45,オシダ科,Dryopteridaceae,固有,
774,,ヤブソテツ,"ヤマヤブソテツ, ホソバヤマヤブソテツ, ツヤナシヤブソテツ, ヒラオヤブソテツ, ノコギリヤマヤブソテツ",Cyrtomium fortunei J.Sm.,45,オシダ科,Dryopteridaceae,,
775,,テリハヤブソテツ,,Cyrtomium laetevirens (Hiyama) Nakaike,45,オシダ科,Dryopteridaceae,,
776,,ヒロハヤブソテツ,,Cyrtomium macrophyllum (Makino) Tagawa,45,オシダ科,Dryopteridaceae,,
777,,ツクシヤブソテツ,,Cyrtomium tukusicola Tagawa,45,オシダ科,Dryopteridaceae,,
779,,ミヤコヤブソテツ,,Cyrtomium yamamotoi Tagawa,45,オシダ科,Dryopteridaceae,,
780,,オクヤマシダ,,Dryopteris amurensis (Milde) H.Christ,45,オシダ科,Dryopteridaceae,,
895,h,ホタカワラビ,,Dryopteris amurensis (Milde) H.Christ x D. expansa (C.Presl) Fraser-Jenk. et Jermy,45,オシダ科,Dryopteridaceae,固有,
781,,ムカシベニシダ,,"Dryopteris anadroma Mitsuta, nom. nud.",45,オシダ科,Dryopteridaceae,固有,CR
782,,クマイワヘゴ,,Dryopteris anthracinisquama Miyam.,45,オシダ科,Dryopteridaceae,固有,CR
783,,イワヘゴ,,Dryopteris atrata (Wall. ex Kunze) Ching,45,オシダ科,Dryopteridaceae,,
784,h,フジイワヘゴ,,Dryopteris atrata (Wall. ex Kunze) Ching x D. crassirhizoma Nakai,45,オシダ科,Dryopteridaceae,固有,
785,h,アマギイワヘゴ,,Dryopteris atrata (Wall. ex Kunze) Ching x D. uniformis (Makino) Makino,45,オシダ科,Dryopteridaceae,固有,
786,,ヤマイタチシダ,,Dryopteris bissetiana (Baker) C.Chr.,45,オシダ科,Dryopteridaceae,,
787,,ハチジョウベニシダ,,Dryopteris caudipinna Nakai,45,オシダ科,Dryopteridaceae,,
870,h,オオシマベニシダ,,Dryopteris caudipinna Nakai x D. erythrosora (D.C.Eaton) Kuntze,45,オシダ科,Dryopteridaceae,固有,
788,,サイゴクベニシダ,サイコクベニシダ,Dryopteris championii (Benth.) C.Chr. ex Ching,45,オシダ科,Dryopteridaceae,,
818,,チチジマベニシダ,,Dryopteris chichisimensis Nakai ex H.It?,45,オシダ科,Dryopteridaceae,固有,
789,,ミサキカグマ,ホソバイタチシダ,Dryopteris chinensis (Baker) Koidz.,45,オシダ科,Dryopteridaceae,,
790,,ツクシイワヘゴ,,Dryopteris commixta Tagawa,45,オシダ科,Dryopteridaceae,,
872,h,カワバタクジャク,,Dryopteris commixta Tagawa x D. handeliana C.Chr.,45,オシダ科,Dryopteridaceae,固有,
791,,カラフトメンマ,オシダモドキ,Dryopteris coreanomontana Nakai,45,オシダ科,Dryopteridaceae,,
792,h,キタダケメンマ,,Dryopteris coreanomontana Nakai x D. crassirhizoma Nakai,45,オシダ科,Dryopteridaceae,固有,
793,h,タカネメンマ,,Dryopteris coreanomontana Nakai x D. monticola (Makino) C.Chr.,45,オシダ科,Dryopteridaceae,固有,
794,,オシダ,"メンマ, シシオシダ, キレコミオシダ",Dryopteris crassirhizoma Nakai,45,オシダ科,Dryopteridaceae,,
900,h,イノウエシダ,,Dryopteris crassirhizoma Nakai x D. dickinsii (Franch. et Sav.) C.Chr.,45,オシダ科,Dryopteridaceae,固有,
879,h,ネイチワラビ,,Dryopteris crassirhizoma Nakai x D. expansa (C.Presl) Fraser-Jenk. et Jermy,45,オシダ科,Dryopteridaceae,固有,
893,h,ミヤマオシダ,,Dryopteris crassirhizoma Nakai x D. monticola (Makino) C.Chr.,45,オシダ科,Dryopteridaceae,固有,
886,h,タニオシダ,,Dryopteris crassirhizoma Nakai x D. tokyoensis (Makino) C.Chr.,45,オシダ科,Dryopteridaceae,固有,
795,,イヌイワヘゴ,,Dryopteris cycadina (Franch. et Sav.) C.Chr.,45,オシダ科,Dryopteridaceae,,
796,,ナチクジャク,,Dryopteris decipiens (Hook.) Kuntze,45,オシダ科,Dryopteridaceae,,
798,,オオクジャクシダ,オクシリイワヘゴ,Dryopteris dickinsii (Franch. et Sav.) C.Chr.,45,オシダ科,Dryopteridaceae,,
799,,エビノオオクジャク,"ヒュウガオオクジャク, テンカワオオクジャク",Dryopteris dickinsii (Franch. et Sav.) C.Chr. x D. polylepis (Franch. et Sav.) C.Chr.,45,オシダ科,Dryopteridaceae,固有,CR
800,,ベニシダ,"チリメンベニシダ, ナンゴクベニシダ",Dryopteris erythrosora (D.C.Eaton) Kuntze,45,オシダ科,Dryopteridaceae,,
885,h,リクゼンタニヘゴモドキ,,Dryopteris erythrosora (D.C.Eaton) Kuntze x D. tokyoensis (Makino) C.Chr.,45,オシダ科,Dryopteridaceae,固有,
801,,シラネワラビ,,Dryopteris expansa (C.Presl) Fraser-Jenk. et Jermy,45,オシダ科,Dryopteridaceae,,
802,,タカサゴシダ,キンキヌカイタチシダ,Dryopteris formosana (H.Christ) C.Chr.,45,オシダ科,Dryopteridaceae,,NT
803,,ニオイシダ,,Dryopteris fragrans (L.) Schott,45,オシダ科,Dryopteridaceae,,
804,,マルバベニシダ,"マンマルベニシダ, オオマルバベニシダ",Dryopteris fuscipes C.Chr.,45,オシダ科,Dryopteridaceae,,
805,,サクライカグマ,タカオミサキカグマ,Dryopteris gymnophylla (Baker) C.Chr.,45,オシダ科,Dryopteridaceae,,
806,,ヌカイタチシダ,,Dryopteris gymnosora (Makino) C.Chr.,45,オシダ科,Dryopteridaceae,,
807,h,ホソバヌカイタチシダ,,Dryopteris gymnosora (Makino) C.Chr. x D. koidzumiana Tagawa,45,オシダ科,Dryopteridaceae,固有,CR
808,,ニセヨゴレイタチシダ,,Dryopteris hadanoi Sa.Kurata,45,オシダ科,Dryopteridaceae,固有,NT
809,,ツクシオオクジャク,,Dryopteris handeliana C.Chr.,45,オシダ科,Dryopteridaceae,,
810,h,ツクシオクマワラビ,,Dryopteris handeliana C.Chr. x D. uniformis (Makino) Makino,45,オシダ科,Dryopteridaceae,固有,
811,,キリシマイワヘゴ,,Dryopteris hangchowensis Ching,45,オシダ科,Dryopteridaceae,,CR
812,,リュウキュウシダ,,Dryopteris hasseltii (Blume) C.Chr.,45,オシダ科,Dryopteridaceae,,
813,,イヌタマシダ,,Dryopteris hayatae Tagawa,45,オシダ科,Dryopteridaceae,,
814,,ホウライヒメワラビ,,Dryopteris hendersonii (Bedd.) C.Chr.,45,オシダ科,Dryopteridaceae,,EN
815,,オオイタチシダ,"キンキイタチシダ, ベニオオイタチシダ",Dryopteris hikonensis (H.It?) Nakaike,45,オシダ科,Dryopteridaceae,,
816,,オオベニシダ,ホホベニオオベニシダ,Dryopteris hondoensis Koidz.,45,オシダ科,Dryopteridaceae,,
817,,ヌカイタチシダモドキ,,Dryopteris indusiata (Makino) Makino et Yamam.,45,オシダ科,Dryopteridaceae,,
819,,ムニンベニシダ,オオバノイタチシダ,Dryopteris insularis Kodama,45,オシダ科,Dryopteridaceae,固有,VU
797,,イヌナチクジャク,,Dryopteris integripinnula Ching,45,オシダ科,Dryopteridaceae,,
820,,ギフベニシダ,"ウスバサイゴクベニシダ, ベニシダモドキ",Dryopteris kinkiensis Koidz. ex Tagawa,45,オシダ科,Dryopteridaceae,,
821,h,カニオクマワラビ,,Dryopteris kinkiensis Koidz. ex Tagawa x D. uniformis (Makino) Makino,45,オシダ科,Dryopteridaceae,固有,
822,,キノクニベニシダ,,Dryopteris kinokuniensis Sa.Kurata,45,オシダ科,Dryopteridaceae,固有,
823,,リョウトウイタチシダ,,Dryopteris kobayashii Kitag.,45,オシダ科,Dryopteridaceae,,
824,,ホコザキベニシダ,,Dryopteris koidzumiana Tagawa,45,オシダ科,Dryopteridaceae,固有,
825,,ワカナシダ,,Dryopteris kuratae Nakaike ex Hoshiz. et K.A.Wilson,45,オシダ科,Dryopteridaceae,,
826,,タヌキシダ,,Dryopteris labordei (H.Christ) C.Chr.,45,オシダ科,Dryopteridaceae,,
827,,クマワラビ,"シシクマワラビ, キレコミクマワラビ",Dryopteris lacera (Thunb.) Kuntze,45,オシダ科,Dryopteridaceae,,
889,h,リクゼンクマワラビ,,Dryopteris lacera (Thunb.) Kuntze x D. monticola (Makino) C.Chr.,45,オシダ科,Dryopteridaceae,固有,
897,h,ミチノククマワラビ,,Dryopteris lacera (Thunb.) Kuntze x D. tokyoensis (Makino) C.Chr.,45,オシダ科,Dryopteridaceae,固有,
828,,イワカゲワラビ,コイワカゲワラビ,Dryopteris laeta (Kom.) C.Chr.,45,オシダ科,Dryopteridaceae,,VU
829,,オオミネイワヘゴ,,Dryopteris lunanensis (H.Christ) C.Chr.,45,オシダ科,Dryopteridaceae,,CR
830,,キヨスミヒメワラビ,シラガシダ,Dryopteris maximowicziana (Miq.) C.Chr.,45,オシダ科,Dryopteridaceae,,
831,,ナンタイシダ,ヤマシノブ,Dryopteris maximowiczii (Baker) Kuntze,45,オシダ科,Dryopteridaceae,,
832,,エンシュウベニシダ,,Dryopteris medioxima Koidz.,45,オシダ科,Dryopteridaceae,,
833,,クロミノイタチシダ,オトメイタチシダ,Dryopteris melanocarpa Hayata,45,オシダ科,Dryopteridaceae,,
834,,ミヤマベニシダ,,Dryopteris monticola (Makino) C.Chr.,45,オシダ科,Dryopteridaceae,,
864,h,デワノミヤマベニシダ,,Dryopteris monticola (Makino) C.Chr. x D. uniformis (Makino) Makino,45,オシダ科,Dryopteridaceae,固有,
835,,キヨズミオオクジャク,,Dryopteris namegatae (Sa.Kurata) Sa.Kurata,45,オシダ科,Dryopteridaceae,,
836,h,キヨズミオオクジャク×オクマワラビ,,Dryopteris namegatae (Sa.Kurata) Sa.Kurata x D. uniformis (Makino) Makino,45,オシダ科,Dryopteridaceae,固有,
837,,トウゴクシダ,ベニトウゴクシダ,Dryopteris nipponensis Koidz.,45,オシダ科,Dryopteridaceae,,
838,,タイワンヒメワラビ,,Dryopteris nodosa (C.Presl) Li Bing Zhang,45,オシダ科,Dryopteridaceae,,VU
839,,アイヌカイタチシダ,,"Dryopteris oohorae Shimura, nom. nud.",45,オシダ科,Dryopteridaceae,固有,
853,,アツギノヌカイタチシダマガイ,,Dryopteris paomowanensis Ching et Z.Y.Liu,45,オシダ科,Dryopteridaceae,,
840,,タイトウベニシダ,オオボシシダ,Dryopteris polita Rosenst.,45,オシダ科,Dryopteridaceae,,
841,,ミヤマクマワラビ,,Dryopteris polylepis (Franch. et Sav.) C.Chr.,45,オシダ科,Dryopteridaceae,,
883,h,ミヤマオクマワラビ,,Dryopteris polylepis (Franch. et Sav.) C.Chr. x D. uniformis (Makino) Makino,45,オシダ科,Dryopteridaceae,固有,
842,,モトイタチシダ,モトヤマイタチシダ,Dryopteris protobissetiana K.Hori et N.Murak.,45,オシダ科,Dryopteridaceae,固有,
843,,ムラサキベニシダ,,Dryopteris purpurella Tagawa,45,オシダ科,Dryopteridaceae,固有,CR
844,,オワセベニシダ,,Dryopteris ryo-itoana Sa.Kurata,45,オシダ科,Dryopteridaceae,,
845,,ミヤマイタチシダ,,Dryopteris sabaei (Franch. et Sav.) C.Chr.,45,オシダ科,Dryopteridaceae,固有,
846,,ヒメイタチシダ,ホソバイタチシダ,Dryopteris sacrosancta Koidz.,45,オシダ科,Dryopteridaceae,,
847,,イワイタチシダ,イワベニシダ,Dryopteris saxifraga H.It?,45,オシダ科,Dryopteridaceae,,
848,,イヌイワイタチシダ,,Dryopteris saxifragivaria Nakai,45,オシダ科,Dryopteridaceae,,
849,,シビイタチシダ,,Dryopteris shibipedis Sa.Kurata,45,オシダ科,Dryopteridaceae,固有,EW
850,,ホオノカワシダ,'ホウノカワシダ',Dryopteris shikokiana (Makino) C.Chr.,45,オシダ科,Dryopteridaceae,,
851,,シロウマイタチシダ,,Dryopteris shiroumensis Sa.Kurata et T.Nakam.,45,オシダ科,Dryopteridaceae,固有,NT
852,,ナガサキシダ,オオミツデ,Dryopteris sieboldii (Van Houtte ex Mett.) Kuntze,45,オシダ科,Dryopteridaceae,,
854,,ヌカイタチシダマガイ,,Dryopteris simasakii (H.It?) Sa.Kurata,45,オシダ科,Dryopteridaceae,,
855,,ヨゴレイタチシダ,,Dryopteris sordidipes Tagawa,45,オシダ科,Dryopteridaceae,,
856,,リュウキュウイタチシダ,,Dryopteris sparsa (Buch.-Ham. ex D.Don) Kuntze  var. ryukyuensis Seriz.,45,オシダ科,Dryopteridaceae,,
857,,ナガバノイタチシダ,,Dryopteris sparsa (Buch.-Ham. ex D.Don) Kuntze  var. sparsa,45,オシダ科,Dryopteridaceae,,
858,,タニヘゴ,,Dryopteris tokyoensis (Makino) C.Chr.,45,オシダ科,Dryopteridaceae,,
877,h,タニオクマワラビ,,Dryopteris tokyoensis (Makino) C.Chr. x D. uniformis (Makino) Makino,45,オシダ科,Dryopteridaceae,固有,
859,,マルバヌカイタチシダモドキ,,Dryopteris tsugiwoi Sa.Kurata,45,オシダ科,Dryopteridaceae,固有,CR
860,,ツツイイワヘゴ,,Dryopteris tsutsuiana Sa.Kurata,45,オシダ科,Dryopteridaceae,固有,CR
861,,オクマワラビ,シシオクマワラビ,Dryopteris uniformis (Makino) Makino,45,オシダ科,Dryopteridaceae,,
862,,ナンカイイタチシダ,イタチシダモドキ,Dryopteris varia (L.) Kuntze,45,オシダ科,Dryopteridaceae,,
863,,オオヤグルマシダ,マキヒレシダ,Dryopteris wallichiana (Spreng.) Hyl.,45,オシダ科,Dryopteridaceae,,CR
865,h,フジクマワラビ,,Dryopteris x fujipedis Sa.Kurata,45,オシダ科,Dryopteridaceae,固有,
866,h,インノオクマワラビ,,Dryopteris x gotenbaensis Nakaike,45,オシダ科,Dryopteridaceae,固有,
867,h,ハガネイワヘゴ,,Dryopteris x haganecola Sa.Kurata,45,オシダ科,Dryopteridaceae,固有,
868,h,ハコネオオクジャク,,Dryopteris x hakonecola Sa.Kurata,45,オシダ科,Dryopteridaceae,固有,
869,h,ヒサツオオクジャク,,Dryopteris x hisatsuana Sa.Kurata,45,オシダ科,Dryopteridaceae,固有,
871,h,ワカナオオクジャク,,"Dryopteris x kaii Nakaike, nom. nud.",45,オシダ科,Dryopteridaceae,固有,
873,h,タニヘゴモドキ,,Dryopteris x kominatoensis Tagawa,45,オシダ科,Dryopteridaceae,固有,
874,h,ヨコグラオオクジャク,,Dryopteris x kouzaii Akasawa,45,オシダ科,Dryopteridaceae,固有,
875,h,イワヘゴモドキ,キレコミイワヘゴ,Dryopteris x mayebarae Tagawa,45,オシダ科,Dryopteridaceae,固有,
876,h,アイノコクマワラビ,クマワラビモドキ,Dryopteris x mituii Seriz.,45,オシダ科,Dryopteridaceae,固有,
878,h,ミイケイワヘゴ,,Dryopteris x miyazakiensis Miyam.,45,オシダ科,Dryopteridaceae,固有,
880,h,ヤタケイワヘゴ,,Dryopteris x otomasui Sa.Kurata,45,オシダ科,Dryopteridaceae,固有,
881,h,オオスミイワヘゴ,,Dryopteris x pseudocommixta Sa.Kurata,45,オシダ科,Dryopteridaceae,固有,
882,h,キリシマワカナシダ,,Dryopteris x pseudohangchowensis Miyam.,45,オシダ科,Dryopteridaceae,固有,
884,h,メズラシクマワラビ,,Dryopteris x rarissima Sa.Kurata,45,オシダ科,Dryopteridaceae,固有,
887,h,ナンゴクオオクジャク,サツマオオクジャク,Dryopteris x satsumana Sa.Kurata,45,オシダ科,Dryopteridaceae,固有,
888,h,シビイワヘゴ,,Dryopteris x shibisanensis Sa.Kurata,45,オシダ科,Dryopteridaceae,固有,
890,h,スルガクマワラビ,,Dryopteris x sugino-takaoi Sa.Kurata,45,オシダ科,Dryopteridaceae,固有,
891,h,タカチホイワヘゴ,,Dryopteris x takachihoensis Miyam.,45,オシダ科,Dryopteridaceae,固有,
892,h,ヤマナカシダ,,Dryopteris x tetsu-yamanakae Sa.Kurata,45,オシダ科,Dryopteridaceae,固有,
894,h,クマオシダ,,Dryopteris x tokudae Sugim.,45,オシダ科,Dryopteridaceae,固有,
896,h,ナガサキシダモドキ,,Dryopteris x toyamae Tagawa,45,オシダ科,Dryopteridaceae,固有,
898,h,フジオシダ,,Dryopteris x watanabei Sa.Kurata,45,オシダ科,Dryopteridaceae,固有,
899,h,アイイヌタマシダ,,Dryopteris x yamashitae Sa.Kurata,45,オシダ科,Dryopteridaceae,固有,
901,h,イヌワカナシダ,タカクマイワヘゴ,Dryopteris x yuyamae Sa.Kurata,45,オシダ科,Dryopteridaceae,固有,
902,,コスギイタチシダ,,Dryopteris yakusilvicola Sa.Kurata,45,オシダ科,Dryopteridaceae,固有,NT
903,,オキナワアツイタ,,Elaphoglossum callifolium (Blume) T.Moore,45,オシダ科,Dryopteridaceae,,CR
904,,ヒロハアツイタ,ヒロバノアツイタ,Elaphoglossum tosaense (Yatabe) Makino,45,オシダ科,Dryopteridaceae,固有,VU
905,,アツイタ,,Elaphoglossum yoshinagae (Yatabe) Makino,45,オシダ科,Dryopteridaceae,,VU
915,,センジョウデンダ,,Polystichum atkinsonii Bedd.,45,オシダ科,Dryopteridaceae,,EN
906,,ミヤジマシダ,オニミヤジマシダ,Polystichum balansae H.Christ,45,オシダ科,Dryopteridaceae,,
907,,ホソイノデ,,Polystichum braunii (Spenn.) F?e,45,オシダ科,Dryopteridaceae,,
908,h,ツバメイノデ,"シレトコイノデ, ホソカラクサイノデ",Polystichum braunii (Spenn.) F?e x P. microchlamys (H.Christ) Matsum.  var. microchlamys,45,オシダ科,Dryopteridaceae,固有,
909,h,オクキヌイノデ,,Polystichum braunii (Spenn.) F?e x P. retrosopaleaceum (Kodama) Tagawa,45,オシダ科,Dryopteridaceae,固有,
922,,イナデンダ,,Polystichum capillipes (Baker) Diels,45,オシダ科,Dryopteridaceae,,NT
910,,ツルデンダ,キクバツルデンダ,Polystichum craspedosorum (Maxim.) Diels,45,オシダ科,Dryopteridaceae,,
911,,タチデンダ,,Polystichum deltodon (Baker) Diels,45,オシダ科,Dryopteridaceae,,
912,,アスカイノデ,,Polystichum fibrillosopaleaceum (Kodama) Tagawa,45,オシダ科,Dryopteridaceae,固有,
913,h,サンブイノデ,,Polystichum fibrillosopaleaceum (Kodama) Tagawa x P. ovatopaleaceum (Kodama) Sa.Kurata  var. coraiense (H.Christ ex H.L?v.) Sa.Kurata,45,オシダ科,Dryopteridaceae,固有,
962,h,ゴサクイノデ,,Polystichum fibrillosopaleaceum (Kodama) Tagawa x P. retrosopaleaceum (Kodama) Tagawa,45,オシダ科,Dryopteridaceae,固有,
964,h,ハタジュクイノデ,,Polystichum fibrillosopaleaceum (Kodama) Tagawa x P. tagawanum Sa.Kurata,45,オシダ科,Dryopteridaceae,固有,
914,,オオミミガタシダ,"シマノコギリシダ, タイワンノコギリシダ",Polystichum formosanum Rosenst.,45,オシダ科,Dryopteridaceae,,
916,,キュウシュウイノデ,,Polystichum grandifrons C.Chr.,45,オシダ科,Dryopteridaceae,,CR
917,,タイワンジュウモンジシダ,"シマジュウモンジシダ, ハゴロモジュウモンジシダ",Polystichum hancockii (Hance) Diels,45,オシダ科,Dryopteridaceae,,
918,,ホソバヤブソテツ,,Polystichum hookerianum (C.Presl) C.Chr.,45,オシダ科,Dryopteridaceae,,
919,,チャボイノデ,,Polystichum igaense Tagawa,45,オシダ科,Dryopteridaceae,固有,
967,h,タカチホイノデ,,Polystichum igaense Tagawa x P. ovatopaleaceum (Kodama) Sa.Kurata  var. ovatopaleaceum,45,オシダ科,Dryopteridaceae,固有,
920,h,オオチャボイノデ,,Polystichum igaense Tagawa x P. polyblepharon (Roem. ex Kunze) C.Presl,45,オシダ科,Dryopteridaceae,固有,
921,h,チャボイノデ×イノデモドキ,アナンイノデ,Polystichum igaense Tagawa x P. tagawanum Sa.Kurata,45,オシダ科,Dryopteridaceae,固有,
923,,タカネシダ,クモマシダ,Polystichum lachenense (Hook.) Bedd.,45,オシダ科,Dryopteridaceae,,CR
924,,オリヅルシダ,キヨズミオリヅルシダ,Polystichum lepidocaulon (Hook.) J.Sm.,45,オシダ科,Dryopteridaceae,,
925,,ヒイラギデンダ,"ヒイラギシダ, カラフトデンダ, クモイカグマ",Polystichum lonchitis (L.) Roth ex Roem.,45,オシダ科,Dryopteridaceae,,EN
926,,アイアスカイノデ,,Polystichum longifrons Sa.Kurata,45,オシダ科,Dryopteridaceae,,
1001,h,ゴテンバイノデ,,Polystichum longifrons Sa.Kurata x P. ovatopaleaceum (Kodama) Sa.Kurata  var. coraiense (H.Christ ex H..L?v) Sa.Kurata,45,オシダ科,Dryopteridaceae,固有,
960,h,ユヤマイノデ,,Polystichum longifrons Sa.Kurata x P. shimurae Sa.Kurata ex Seriz.,45,オシダ科,Dryopteridaceae,固有,
927,,カタイノデ,,Polystichum makinoi (Tagawa) Tagawa,45,オシダ科,Dryopteridaceae,,
928,h,カタイノデ×イワシロイノデ,,Polystichum makinoi (Tagawa) Tagawa x P. ovatopaleaceum (Kodama) Sa.Kurata  var. coraiense (H.Christ ex H.L?v.) Sa.Kurata,45,オシダ科,Dryopteridaceae,固有,
956,,オオキヨズミシダ,オオキヨスミシダ,Polystichum mayebarae Tagawa,45,オシダ科,Dryopteridaceae,,
929,,アヅミイノデ,"アズミイノデ', カラクサイノデ[中池]",Polystichum microchlamys (H.Christ) Matsum.  var. azumiense Seriz.,45,オシダ科,Dryopteridaceae,固有,
930,,カラクサイノデ,"シノブイノデ, キタノカラクサイノデ",Polystichum microchlamys (H.Christ) Matsum.  var. microchlamys,45,オシダ科,Dryopteridaceae,,
931,h,アヅミカラクサイノデ,"アズミカラクサイノデ', アイノコカラクサイノデ",Polystichum microchlamys (H.Christ) Matsum.  var. microchlamys x P. microchlamys (H.Christ) Matsum.  var. azumiense Seriz.,45,オシダ科,Dryopteridaceae,固有,
932,,ヤシャイノデ,イナイノデ,Polystichum neolobatum Nakai,45,オシダ科,Dryopteridaceae,,EN
933,,アマミデンダ,ヒメデンダ,Polystichum obae Tagawa,45,オシダ科,Dryopteridaceae,固有,CR
934,,トヨグチイノデ,フジイノデ,Polystichum ohmurae Sa.Kurata,45,オシダ科,Dryopteridaceae,固有,
935,,ナンピイノデ,,Polystichum otomasui Sa.Kurata,45,オシダ科,Dryopteridaceae,,NT
936,,イワシロイノデ,"チョウセンイノデ, ミョウコウイノデ",Polystichum ovatopaleaceum (Kodama) Sa.Kurata  var. coraiense (H.Christ ex H.L?v.) Sa.Kurata,45,オシダ科,Dryopteridaceae,,
939,h,シモウサイノデ,シモフサイノデ,Polystichum ovatopaleaceum (Kodama) Sa.Kurata  var. coraiense (H.Christ ex H.L?v.) Sa.Kurata x P. polyblepharon (Roem. ex Kunze) C.Presl,45,オシダ科,Dryopteridaceae,固有,
940,h,カネヤマイノデ,,Polystichum ovatopaleaceum (Kodama) Sa.Kurata  var. coraiense (H.Christ ex H.L?v.) Sa.Kurata x P. pseudomakinoi Tagawa,45,オシダ科,Dryopteridaceae,固有,
937,h,サカゲイワシロイノデ,,Polystichum ovatopaleaceum (Kodama) Sa.Kurata  var. coraiense (H.Christ ex H.L?v.) Sa.Kurata x P. retrosopaleaceum (Kodama) Tagawa,45,オシダ科,Dryopteridaceae,固有,
938,h,イワシロイノデモドキ,アタミイノデ,Polystichum ovatopaleaceum (Kodama) Sa.Kurata  var. coraiense (H.Christ ex H.L?v.) Sa.Kurata x P. tagawanum Sa.Kurata,45,オシダ科,Dryopteridaceae,固有,
941,,ツヤナシイノデ,キノクニイノデ,Polystichum ovatopaleaceum (Kodama) Sa.Kurata  var. ovatopaleaceum,45,オシダ科,Dryopteridaceae,,
942,h,ツヤナシイワシロイノデ,,Polystichum ovatopaleaceum (Kodama) Sa.Kurata  var. ovatopaleaceum x P. ovatopaleaceum (Kodama) Sa.Kurata  var. coraiense (H.Christ ex H.L?v.) Sa.Kurata,45,オシダ科,Dryopteridaceae,固有,
943,h,ツヤナシフナコシイノデ,ツヤナシフナコシ,Polystichum ovatopaleaceum (Kodama) Sa.Kurata  var. ovatopaleaceum x P. polyblepharon (Roem. ex Kunze) C.Presl,45,オシダ科,Dryopteridaceae,固有,
944,,サクラジマイノデ,シンイノデ,Polystichum piceopaleaceum Tagawa,45,オシダ科,Dryopteridaceae,,CR
945,,イノデ,"ホンイノデ, カズサイノデ",Polystichum polyblepharon (Roem. ex Kunze) C.Presl,45,オシダ科,Dryopteridaceae,,
946,,サイゴクイノデ,,Polystichum pseudomakinoi Tagawa,45,オシダ科,Dryopteridaceae,,
947,h,サイゴクシムライノデ,,Polystichum pseudomakinoi Tagawa x P. shimurae Sa.Kurata ex Seriz.,45,オシダ科,Dryopteridaceae,固有,
948,,サカゲイノデ,,Polystichum retrosopaleaceum (Kodama) Tagawa,45,オシダ科,Dryopteridaceae,,
949,h,サカゲシムライノデ,,Polystichum retrosopaleaceum (Kodama) Tagawa x P. shimurae Sa.Kurata ex Seriz.,45,オシダ科,Dryopteridaceae,固有,
950,,オニイノデ,,Polystichum rigens Tagawa,45,オシダ科,Dryopteridaceae,,VU
951,,コモチイノデ,アリサンイノデ,Polystichum scariosum (Roxb.) C.V.Morton,45,オシダ科,Dryopteridaceae,,VU
952,,シムライノデ,,Polystichum shimurae Sa.Kurata ex Seriz.,45,オシダ科,Dryopteridaceae,,EN
953,h,シムライノデモドキ,,Polystichum shimurae Sa.Kurata ex Seriz. x P. tagawanum Sa.Kurata,45,オシダ科,Dryopteridaceae,固有,
954,,イノデモドキ,ネッコイノデ,Polystichum tagawanum Sa.Kurata,45,オシダ科,Dryopteridaceae,,
955,,ジュウモンジシダ,"シュモクシダ, ヒトツバジュウモンジシダ, オオシュモクシダ, トリアシシュモクシダ, キレコミジュウモンジシダ, シシジュウモンジシダ",Polystichum tripteron (Kunze) C.Presl,45,オシダ科,Dryopteridaceae,,
957,,ヒメカナワラビ,キヨズミシダ,Polystichum tsus-simense (Hook.) J.Sm. ,45,オシダ科,Dryopteridaceae,,
958,h,アイツヤナシイノデ,,Polystichum x amboversum Sa.Kurata,45,オシダ科,Dryopteridaceae,固有,
959,h,ドウリョウイノデ,,Polystichum x anceps Sa.Kurata,45,オシダ科,Dryopteridaceae,固有,
961,h,アイホソイノデ,,Polystichum x fujisanense Seriz.,45,オシダ科,Dryopteridaceae,固有,
963,h,ハコネイノデ,,Polystichum x hakonense Sa.Kurata,45,オシダ科,Dryopteridaceae,固有,
965,h,ヒトヨシイノデ,,Polystichum x hitoyoshiense Sa.Kurata,45,オシダ科,Dryopteridaceae,固有,
966,h,ホクリクイノデ,,Polystichum x hokurikuense Sa.Kurata,45,オシダ科,Dryopteridaceae,固有,
968,h,アイカタイノデ,,Polystichum x iidanum Sa.Kurata,45,オシダ科,Dryopteridaceae,固有,
969,h,フナコシイノデ,,Polystichum x inadae Sa.Kurata,45,オシダ科,Dryopteridaceae,固有,
970,h,カタイノデモドキ,,Polystichum x izuense Sa.Kurata,45,オシダ科,Dryopteridaceae,固有,
971,h,ジタロウイノデ,,Polystichum x jitaroi Sa.Kurata,45,オシダ科,Dryopteridaceae,固有,
972,h,オオトヨグチイノデ,,Polystichum x kaimontanum Seriz.,45,オシダ科,Dryopteridaceae,固有,
973,h,カサヤマイノデ,,Polystichum x kasayamense Sa.Kurata,45,オシダ科,Dryopteridaceae,固有,
974,h,キヨズミイノデ,,Polystichum x kiyozumianum Sa.Kurata,45,オシダ科,Dryopteridaceae,固有,
975,h,ダントウイノデ,,Polystichum x kumamontanum Sa.Kurata,45,オシダ科,Dryopteridaceae,固有,
976,h,カタホソイノデ,,Polystichum x kunioi Sa.Kurata,45,オシダ科,Dryopteridaceae,固有,
977,h,スオウイノデ,,Polystichum x kuratae Seriz.,45,オシダ科,Dryopteridaceae,固有,
978,h,アカメイノデ,,Polystichum x kurokawae Tagawa,45,オシダ科,Dryopteridaceae,固有,
979,h,アマギイノデ,,Polystichum x mashikoi Sa.Kurata,45,オシダ科,Dryopteridaceae,固有,
980,h,サカゲカタイノデ,,Polystichum x microlepis Sa.Kurata,45,オシダ科,Dryopteridaceae,固有,
981,h,ミドリイノデ,,Polystichum x midoriense T.Oka et S.Ohtani,45,オシダ科,Dryopteridaceae,固有,
982,h,カタナンピイノデ,,Polystichum x minamitanii Sa.Kurata ex Seriz.,45,オシダ科,Dryopteridaceae,固有,
983,h,ミウライノデ,,Polystichum x miuranum Sa.Kurata,45,オシダ科,Dryopteridaceae,固有,
984,h,ミツイシイノデ,,Polystichum x namegatae Sa.Kurata,45,オシダ科,Dryopteridaceae,固有,
985,h,オオタニイノデ,,Polystichum x ohtanii Sa.Kurata,45,オシダ科,Dryopteridaceae,固有,
986,h,ナメライノデ,,Polystichum x okanum Sa.Kurata,45,オシダ科,Dryopteridaceae,固有,
987,h,オンガタイノデ,,Polystichum x ongataense Sa.Kurata,45,オシダ科,Dryopteridaceae,固有,
988,h,ツヤナシイノデモドキ,,Polystichum x pseudo-ovatopaleaceum Akasawa,45,オシダ科,Dryopteridaceae,固有,
989,h,イナツルデンダ,,Polystichum x pseudocraspedosorum Seriz.,45,オシダ科,Dryopteridaceae,固有,
990,h,アヅミホソイノデ,'アズミホソイノデ',Polystichum x sarukurense Seriz.,45,オシダ科,Dryopteridaceae,固有,
991,h,シロウマイノデ,,Polystichum x shin-tashiroi Sa.Kurata,45,オシダ科,Dryopteridaceae,固有,
992,h,スルガイノデ,,Polystichum x shizuokaense Nakaike,45,オシダ科,Dryopteridaceae,固有,CR
993,h,オオイノデモドキ,,Polystichum x suginoi Sa.Kurata,45,オシダ科,Dryopteridaceae,固有,
994,h,スヤマイノデ,,Polystichum x suyamanum Sa.Kurata ex Seriz.,45,オシダ科,Dryopteridaceae,固有,
995,h,タカオイノデ,,Polystichum x takaosanense Sa.Kurata,45,オシダ科,Dryopteridaceae,固有,
996,h,テツヤマイノデ,,Polystichum x tetsuyamense Sa.Kurata ex Seriz.,45,オシダ科,Dryopteridaceae,固有,
997,h,チチブイノデ,,Polystichum x titibuense Sa.Kurata,45,オシダ科,Dryopteridaceae,固有,
998,h,トウキョウイノデ,,Polystichum x tokyoense Sa.Kurata ex Seriz.,45,オシダ科,Dryopteridaceae,固有,
999,h,ハリマイノデ,,Polystichum x utsumii (Sa.Kurata) Sa.Kurata,45,オシダ科,Dryopteridaceae,固有,
1000,h,ヨコハマイノデ,,Polystichum x yokohamaense T.Oka et S.Ohtani,45,オシダ科,Dryopteridaceae,固有,
1002,,ヤエヤマトラノオ,"コモチトラノオ, コモチヤエヤマトラノオ",Polystichum yaeyamense (Makino) Makino,45,オシダ科,Dryopteridaceae,固有,
1004,,ホウビカンジュ,,Nephrolepis biserrata (Sw.) Schott,46,タマシダ科,Nephrolepidaceae,,
1006,,ヤンバルタマシダ,オオタマシダ，ムニンタマシダ,Nephrolepis brownii (Desv.) Hovenkamp et Miyam.,46,タマシダ科,Nephrolepidaceae,,
1005,,タマシダ,,Nephrolepis cordifolia (L.) C.Presl,46,タマシダ科,Nephrolepidaceae,,
1008,h,ヒメホウビカンジュ,,Nephrolepis x hipocrepicis Miyam.,46,タマシダ科,Nephrolepidaceae,,
1009,h,アイノコホウビカンジュ,タラマシダ,Nephrolepis x pseudobiserrata Miyam.,46,タマシダ科,Nephrolepidaceae,,
1003,,ツルキジノオ,オガサワラツルキジノオ,Lomariopsis spectabilis (Kunze) Mett.,47,ツルキジノオ科,Lomariopsidaceae,,CR
1010,,ワラビツナギ,,Arthropteris palisotii (Desv.) Alston,48,ナナバケシダ科,Tectariaceae,,CR
1011,,ナナバケシダ,,Tectaria decurrens (C.Presl) Copel.,48,ナナバケシダ科,Tectariaceae,,
1012,,ウスバシダ,,Tectaria devexa (Kunze) Copel.,48,ナナバケシダ科,Tectariaceae,,
1013,,ウスバシダモドキ,,Tectaria dissecta (G.Forst.) Lellinger,48,ナナバケシダ科,Tectariaceae,,EX
1014,,コモチナナバケシダ,,Tectaria fauriei Tagawa,48,ナナバケシダ科,Tectariaceae,,CR
1015,,ハルランシダ,トネリコシダ,Tectaria harlandii (Hook.) C.M.Kuo,48,ナナバケシダ科,Tectariaceae,,
1016,,ナガバウスバシダ,サキミウスバシダ「ｃ」,Tectaria kusukusensis (Hayata) Lellinger,48,ナナバケシダ科,Tectariaceae,,CR
1017,,カワリウスバシダ,ウスバカワリシダ，クログキシダ,Tectaria phaeocaulis (Rosenst.) C.Chr.,48,ナナバケシダ科,Tectariaceae,,
1018,,カレンコウアミシダ,クロジクミカワリシダ，クログキシダ,Tectaria simonsii (Baker) Ching,48,ナナバケシダ科,Tectariaceae,,
1019,,ミカワリシダ,ミガワリシダ,Tectaria subtriphylla (Hook. et Arn.) Copel.,48,ナナバケシダ科,Tectariaceae,,
1022,,シマキクシノブ,,Davallia cumingii Hook.,50,シノブ科,Davalliaceae,,
1020,,シノブ,タイワンシノブ,Davallia mariesii T.Moore ex Baker,50,シノブ科,Davalliaceae,,
1021,,キクシノブ,,Davallia repens （L.f.) Kuhn,50,シノブ科,Davalliaceae,,VU
1023,,カザリシダ,,Aglaomorpha coronans (Wall. ex Mett.) Copel.,51,ウラボシ科,Polypodiaceae,,CR
1035,,ハカマウラボシ,,Drynaria roosii Nakaike,51,ウラボシ科,Polypodiaceae,,CR
1036,,アマミアオネカズラ,,Goniophlebium amamianum (Tagawa) Nakaike,51,ウラボシ科,Polypodiaceae,固有,CR
1037,,タイワンアオネカズラ,シマアオネカズラ,Goniophlebium formosanum (Baker) R?dl.-Linder,51,ウラボシ科,Polypodiaceae,,EN
1038,,アオネカズラ,,Goniophlebium niponicum (Mett.) Bedd.,51,ウラボシ科,Polypodiaceae,,
1039,,ミョウギシダ,アワミョウギシダ,Goniophlebium someyae (Yatabe) Ebihara,51,ウラボシ科,Polypodiaceae,固有,EN
1040,,マメヅタ,"リュウキュウマメヅタ, シママメヅタ, ヒメマメヅタ",Lemmaphyllum microphyllum C.Presl,51,ウラボシ科,Polypodiaceae,,
1041,,オニマメヅタ,,Lemmaphyllum pyriforme (Ching) Ching,51,ウラボシ科,Polypodiaceae,,CR
1042,,ヤノネシダ,,Lepidomicrosorium buergerianum (Miq.) Ching et K.H.Shing,51,ウラボシ科,Polypodiaceae,,
1043,,ヌカボシクリハラン,,Lepidomicrosorium superficiale (Blume) Li Wang,51,ウラボシ科,Polypodiaceae,,
1044,,ナガオノキシノブ,ホソバノキシノブ,Lepisorus angustus Ching,51,ウラボシ科,Polypodiaceae,,
1045,,ホテイシダ,,Lepisorus annuifrons (Makino) Ching,51,ウラボシ科,Polypodiaceae,固有,
1046,,ホソバクリハラン,,Lepisorus boninensis (H.Christ) Ching,51,ウラボシ科,Polypodiaceae,固有,NT
1047,,トヨグチウラボシ,タイハウラボシ,Lepisorus clathratus (C.B.Clarke) Ching,51,ウラボシ科,Polypodiaceae,,EN
1048,,ハチジョウウラボシ,,Lepisorus hachijoensis Sa.Kurata,51,ウラボシ科,Polypodiaceae,固有,
1049,,クラガリシダ,キヒモ,Lepisorus miyoshianus (Makino) Fraser-Jenk.,51,ウラボシ科,Polypodiaceae,,EN
1050,,ウロコノキシノブ,カシオホテイシダ,Lepisorus oligolepidus (Baker) Ching,51,ウラボシ科,Polypodiaceae,,CR
1051,h,イナノキシノブ,,Lepisorus oligolepidus (Baker) Ching x L. thunbergianus (Kaulf.) Ching,51,ウラボシ科,Polypodiaceae,固有,
1052,,ヒメノキシノブ,,Lepisorus onoei (Franch. et Sav.) Ching,51,ウラボシ科,Polypodiaceae,,
1053,h,アシガラノキシノブ,,Lepisorus onoei (Franch. et Sav.) Ching x L. thunbergianus (Kaulf.) Ching,51,ウラボシ科,Polypodiaceae,固有,
1054,,ノキシノブ,"ミカワノキシノブ, フジノキシノブ",Lepisorus thunbergianus (Kaulf.) Ching,51,ウラボシ科,Polypodiaceae,,
1059,h,ニセツクシノキシノブ,,Lepisorus thunbergianus (Kaulf.) Ching x L. tosaensis (Makino) H.It?,51,ウラボシ科,Polypodiaceae,固有,
1055,h,イシガキノキシノブ,コウラノキシノブ,Lepisorus thunbergianus (Kaulf.) Ching x L. yamaokae Seriz.,51,ウラボシ科,Polypodiaceae,固有,
1056,,ツクシノキシノブ,オナガウラボシ,Lepisorus tosaensis (Makino) H.It?,51,ウラボシ科,Polypodiaceae,,
1057,,コウラボシ,,Lepisorus uchiyamae (Makino) H.It?,51,ウラボシ科,Polypodiaceae,固有,
1058,,ミヤマノキシノブ,,Lepisorus ussuriensis (Regel et Maack) Ching  var. distans (Makino) Tagawa,51,ウラボシ科,Polypodiaceae,,
1060,,イシガキウラボシ,,Lepisorus yamaokae Seriz.,51,ウラボシ科,Polypodiaceae,固有,
1061,,オキノクリハラン,,Leptochilus decurrens Blume,51,ウラボシ科,Polypodiaceae,,CR
1026,,コマチイワヒトデ,,Leptochilus elegans (Sa.Kurata) Nakaike,51,ウラボシ科,Polypodiaceae,固有,EN
1031,h,オオイワヒトデモドキ,,Leptochilus elegans (Sa.Kurata) Nakaike x L. neopothifolius Nakaike,51,ウラボシ科,Polypodiaceae,固有,
1027,,イワヒトデ,シシイワヒトデ,Leptochilus ellipticus (Thunb.) Noot.,51,ウラボシ科,Polypodiaceae,,
1028,,タイワンクリハラン,ヘビノキシノブ,Leptochilus hemionitideus (C.Presl) Noot.,51,ウラボシ科,Polypodiaceae,,VU
1024,,オオイワヒトデ,"ウスバイワヒトデ, オニイワヒトデ, シシオオイワヒトデ",Leptochilus neopothifolius Nakaike,51,ウラボシ科,Polypodiaceae,,
1025,h,ウラノシダ,,Leptochilus neopothifolius Nakaike x L. pteropus (Blume) Fraser-Jenk.,51,ウラボシ科,Polypodiaceae,固有,
1029,,ミツデヘラシダ,,Leptochilus pteropus (Blume) Fraser-Jenk.,51,ウラボシ科,Polypodiaceae,,
1030,,ヤリノホクリハラン,"ヤリノホラン, ハゴロモヤリノホラン",Leptochilus wrightii (Hook.) X.C.Zhang,51,ウラボシ科,Polypodiaceae,,
1032,h,アイイワヒトデ,,Leptochilus x kiusianus (Sa.Kurata) Nakaike,51,ウラボシ科,Polypodiaceae,固有,
1033,h,シンテンウラボシ,ワカメシダ,Leptochilus ｘ shintenensis (Hayata) X.C.Zhang et Noot.,51,ウラボシ科,Polypodiaceae,,
1034,h,ヒトツバイワヒトデ,,Leptochilus x simplicifrons (H.Christ) Nakaike,51,ウラボシ科,Polypodiaceae,,
1062,,ムニンサジラン,シマサジラン,Loxogramme boninensis Nakai,51,ウラボシ科,Polypodiaceae,固有,VU
1063,,サジラン,ウスイタ,Loxogramme duclouxii H.Christ,51,ウラボシ科,Polypodiaceae,,
1064,,ヒメサジラン,,Loxogramme grammitoides (Baker) C.Chr.,51,ウラボシ科,Polypodiaceae,,
1065,h,ヒメイワヤナギシダ,,Loxogramme grammitoides (Baker) C.Chr. x L. salicifolia (Makino) Makino,51,ウラボシ科,Polypodiaceae,固有,
1066,,イワヤナギシダ,フギレイワヤナギシダ,Loxogramme salicifolia (Makino) Makino,51,ウラボシ科,Polypodiaceae,,
1067,,オオクボシダ,ムカデシダ,Micropolypodium okuboi (Yatabe) Hayata,51,ウラボシ科,Polypodiaceae,,
1068,,ホコザキウラボシ,,Microsorum insigne (Blume) Copel.,51,ウラボシ科,Polypodiaceae,,
1069,,タカウラボシ,,Microsorum rubidum (Kunze) Copel.,51,ウラボシ科,Polypodiaceae,,EN
1070,,オキナワウラボシ,,Microsorum scolopendria (Burm.f.) Copel.,51,ウラボシ科,Polypodiaceae,,
1071,,クリハラン,"イズクリハラン, ツノダシクリハラン, ヒロハクリハラン, ハゴロモクリハラン",Neolepisorus ensatus (Thunb.) Ching,51,ウラボシ科,Polypodiaceae,,
1072,,オオクリハラン,シナノキシノブ,Neolepisorus fortunei (T.Moore) Li Wang,51,ウラボシ科,Polypodiaceae,,VU
1073,,ヒメウラボシ,,Oreogrammitis dorsipila (H.Christ) Parris,51,ウラボシ科,Polypodiaceae,,EN
1074,,ヒロハヒメウラボシ,,Oreogrammitis nipponica (Tagawa et K.Iwats.) Parris,51,ウラボシ科,Polypodiaceae,固有,CR
1075,,ナガバコウラボシ,,Oreogrammitis tuyamae (H.Ohba) Parris,51,ウラボシ科,Polypodiaceae,固有,EN
1076,,カラクサシダ,,Pleurosoriopsis makinoi (Maxim. ex Makino) Fomin,51,ウラボシ科,Polypodiaceae,,
1077,,オシャグジデンダ,オシャゴジデンダ,Polypodium fauriei H.Christ,51,ウラボシ科,Polypodiaceae,,
1081,h,タクヒデンダ,,Polypodium fauriei H.Christ x P. vulgare L.,51,ウラボシ科,Polypodiaceae,固有,
1078,,エゾデンダ,,Polypodium sibiricum Sipliv.,51,ウラボシ科,Polypodiaceae,,
1080,h,キタノエゾデンダ,,Polypodium sibiricum Sipliv. x P. vulgare L.,51,ウラボシ科,Polypodiaceae,固有,
1079,,オオエゾデンダ,,Polypodium vulgare L.,51,ウラボシ科,Polypodiaceae,,EN
1082,,シマムカデシダ,カナグスクシダ,Prosaptia kanashiroi (Hayata) Nakai ex Yamam.,51,ウラボシ科,Polypodiaceae,固有,
1083,,ヒトツバマメヅタ,,Pyrrosia adnascens (Sw.) Ching,51,ウラボシ科,Polypodiaceae,,CR
1084,,ヒトツバノキシノブ,,Pyrrosia angustissima (Giesenh. ex Diels) Tagawa et K.Iwats.,51,ウラボシ科,Polypodiaceae,,EX
1085,,イワオモダカ,,Pyrrosia hastata (Houtt.) Ching,51,ウラボシ科,Polypodiaceae,,
1086,,ビロードシダ,"ビロウドシダ, タイワンビロードシダ",Pyrrosia linearifolia (Hook.) Ching ,51,ウラボシ科,Polypodiaceae,,
1087,,ヒトツバ,"エボシヒトツバ, シシヒトツバ, ハゴロモヒトツバ, フイリヒトツバ, ヒロハヒトツバ",Pyrrosia lingua (Thunb.) Farw.,51,ウラボシ科,Polypodiaceae,,
1088,h,ヤツシロヒトツバ,,Pyrrosia x nipponica M.Beppu et Seriz.,51,ウラボシ科,Polypodiaceae,固有,
1089,,タカノハウラボシ,,Selliguea engleri (Luerss.) Fraser-Jenk.,51,ウラボシ科,Polypodiaceae,,
1090,h,キノクニウラボシ,,Selliguea engleri (Luerss.) Fraser-Jenk. x S. hastata (Thunb.) Fraser-Jenk.,51,ウラボシ科,Polypodiaceae,固有,
1091,h,ヤクシマタカノハウラボシ,,Selliguea engleri (Luerss.) Fraser-Jenk. x S. yakushimensis (Makino) Fraser-Jenk.,51,ウラボシ科,Polypodiaceae,固有,
1092,,ミツデウラボシ,"リュウキュウミツデウラボシ, チャボミツデウラボシ，ヤトミウラボシ，フギレミツデウラボシ，クジャクウラボシ",Selliguea hastata (Thunb.) Fraser-Jenk.,51,ウラボシ科,Polypodiaceae,,
1093,h,ミツデウラボシ×ヒメタカノハウラボシ,,Selliguea hastata (Thunb.) Fraser-Jenk. x S. yakushimensis (Makino) Fraser-Jenk.,51,ウラボシ科,Polypodiaceae,固有,
1094,,ミヤマウラボシ,,Selliguea veitchii (Baker) H.Ohashi et K.Ohashi,51,ウラボシ科,Polypodiaceae,,
1095,,ヤクシマウラボシ,,Selliguea yakuinsularis (Masam.) H.Ohashi et K.Ohashi,51,ウラボシ科,Polypodiaceae,固有,EN
1096,,ヒメタカノハウラボシ,,Selliguea yakushimensis (Makino) Fraser-Jenk.,51,ウラボシ科,Polypodiaceae,,
1097,,キレハオオクボシダ,,Tomophyllum sakaguchianum (Koidz.) Parris,51,ウラボシ科,Polypodiaceae,固有,EN
